"DRUG","NUM"
"Potassium Chloride","193406"
"Insulin","143471"
"D5W","142241"
"Furosemide","133126"
"0.9% Sodium Chloride","130147"
"NS","129731"
"Magnesium Sulfate","90430"
"Iso-Osmotic Dextrose","87005"
"Sodium Chloride 0.9%  Flush","83392"
"Acetaminophen","78772"
"Metoprolol","73993"
"5% Dextrose","73829"
"SW","72522"
"Morphine Sulfate","62136"
"Metoprolol Tartrate","59824"
"Lorazepam","55360"
"Calcium Gluconate","52115"
"Heparin","52089"
"Docusate Sodium","45694"
"Vancomycin","42634"
"Bisacodyl","41076"
"Warfarin","39684"
"Heparin Sodium","37702"
"HYDROmorphone (Dilaudid)","37673"
"LR","35409"
"Propofol","34467"
"Pantoprazole","33587"
"Fentanyl Citrate","31669"
"Senna","29154"
"Aspirin","28422"
"Bag","25745"
"Vial","24502"
"Vancomycin HCl","22291"
"Albuterol 0.083% Neb Soln","22278"
"Dextrose 50%","21798"
"Oxycodone-Acetaminophen","21393"
"Ondansetron","21260"
"Levofloxacin","20890"
"Haloperidol","20712"
"Ranitidine","20251"
"Aspirin EC","19061"
"Prednisone","18974"
"Ipratropium Bromide Neb","18827"
"Famotidine","18700"
"Lisinopril","18669"
"Sodium Bicarbonate","18623"
"Neutra-Phos","17943"
"Potassium Phosphate","17803"
"Pantoprazole Sodium","17420"
"Atorvastatin","17330"
"Nitroglycerin","16770"
"HydrALAzine","16577"
"Diltiazem","16382"
"D5 1/2NS","16276"
"Metoclopramide","16103"
"Amiodarone","15933"
"Docusate Sodium (Liquid)","15897"
"Sterile Water","14100"
"0.9% Sodium Chloride (Mini Bag Plus)","14048"
"Phenylephrine","13960"
"Midazolam","13655"
"Syringe","13383"
"Hydromorphone","13300"
"Cefazolin","13260"
"Amiodarone HCl","13150"
"Milk of Magnesia","12875"
"OxycoDONE (Immediate Release) ","12808"
"Norepinephrine","12319"
"Tacrolimus","12004"
"Levothyroxine Sodium","11957"
"Insulin Human Regular","11752"
"Captopril","11685"
"Iso-Osmotic Sodium Chloride","11581"
"Glucagon","11571"
"Chlorhexidine Gluconate 0.12% Oral Rinse","11562"
"Lactulose","11544"
"Heparin Flush (10 units/ml)","11325"
"Phytonadione","10935"
"Folic Acid","10792"
"Dexamethasone","10713"
"Multivitamins","10683"
"Pneumococcal Vac Polyvalent","10494"
"Phenytoin Sodium","10454"
"Diazepam","10399"
"Influenza Virus Vaccine","10326"
"1/2 NS","10294"
"Hydralazine HCl","10077"
"MetRONIDAZOLE (FLagyl)","9986"
"Dextrose 5%","9621"
"Simvastatin","9604"
"Cefepime","9475"
"Zolpidem Tartrate","9328"
"Piperacillin-Tazobactam Na","9275"
"Ketorolac","9172"
"Potassium Chl 20 mEq / 1000 mL D5 1/2 NS","8870"
"Levetiracetam","8778"
"CeftriaXONE","8602"
"Piperacillin-Tazobactam","8482"
"Heparin Flush CVL  (100 units/ml)","8417"
"Metronidazole","8305"
"Calcium Carbonate","8246"
"Phenylephrine HCl","8241"
"Magnesium Oxide","8149"
"DiphenhydrAMINE","8119"
"Glycopyrrolate","8035"
"NS (Mini Bag Plus)","7956"
"Midazolam HCl","7902"
"Amlodipine","7832"
"Ciprofloxacin HCl","7561"
"Fluconazole","7454"
"Phenytoin","7426"
"Gabapentin","7315"
"MethylPREDNISolone Sodium Succ","7289"
"Labetalol","7188"
"D5W (EXCEL BAG)","7182"
"Digoxin","7182"
"Soln.","7044"
"Acetylcysteine 20%","6937"
"Meropenem","6839"
"Diphenhydramine HCl","6824"
"Neostigmine","6811"
"Soln","6654"
"D10W","6633"
"Sodium Chloride","6629"
"Meperidine","6536"
"Hydrocortisone Na Succ.","6453"
"Albumin 25% (12.5g / 50mL)","6292"
"Ipratropium Bromide MDI","6285"
"Albuterol","6238"
"Prochlorperazine","6091"
"Ibuprofen","6006"
"NS (Glass Bottle)","5894"
"Ciprofloxacin IV","5732"
"Quetiapine Fumarate","5729"
"Enoxaparin Sodium","5715"
"Sucralfate","5710"
"Omeprazole","5705"
"Clopidogrel Bisulfate","5646"
"Thiamine","5423"
"Lactated Ringers","5413"
"Sodium Phosphate","5309"
"traZODONE","5224"
"Ferrous Sulfate","5207"
"Carvedilol","5139"
"Atenolol","5102"
"Syringe (Neonatal) *D5W*","5060"
"Atropine Sulfate","4977"
"Miconazole Powder 2%","4905"
"Nitroprusside Sodium","4895"
"Albuterol Inhaler","4814"
"Albuterol-Ipratropium","4716"
"Sodium Polystyrene Sulfonate","4702"
"Alteplase (Catheter Clearance)","4642"
"Vitamin D","4625"
"Dolasetron Mesylate","4622"
"Olanzapine (Disintegrating Tablet)","4615"
"Labetalol HCl","4603"
"Syringe (Neonatal)","4524"
"Mycophenolate Mofetil","4520"
"Clopidogrel","4504"
"Vasopressin","4288"
"Potassium Chloride (Powder)","4260"
"Potassium Chl 20 mEq / 1000 mL NS","4217"
"TraMADOL (Ultram)","4075"
"Nystatin Oral Suspension","4056"
"Lidocaine Jelly 2% (Urojet)","4025"
"DopAmine","4003"
"Albumin 5% (25g / 500mL)","3955"
"Spironolactone","3803"
"NEO*IV*Gentamicin","3772"
"Polyethylene Glycol","3737"
"Albuterol Neb Soln","3719"
"Fluticasone Propionate 110mcg","3716"
"Propofol (Generic)","3715"
"Potassium Chloride Replacement (Oncology)","3658"
"Humulin-R Insulin","3644"
"Acetaminophen (Liquid)","3630"
"Syringe (IV Room)","3606"
"Clonazepam","3582"
"Hydrochlorothiazide","3574"
"5% Dextrose (EXCEL BAG)","3527"
"Heparin Flush PICC (100 units/ml)","3515"
"Heparin (Preservative Free)","3509"
"Acyclovir","3487"
"Epoetin Alfa","3440"
"Nitroglycerin SL","3436"
"Lansoprazole Oral Disintegrating Tab","3430"
"Cisatracurium Besylate","3398"
"Metoprolol Succinate XL","3390"
"Olanzapine","3354"
"Send 500mg Vial","3315"
"Azithromycin","3250"
"Milrinone","3248"
"Thiamine HCl","3239"
"Cosyntropin","3236"
"Fentanyl Patch","3233"
"D5NS","3164"
"CycloSPORINE Modified (Neoral)","3152"
"Allopurinol","3058"
"Epinephrine","3003"
"Aluminum-Magnesium Hydrox.-Simethicone","2974"
"Isosorbide Mononitrate (Extended Release)","2918"
"Simethicone","2917"
"Ampicillin Sodium","2915"
"Lidocaine 1%","2875"
"Mannitol 20%","2843"
"Sulfameth/Trimethoprim DS","2843"
"Acetaminophen IV","2830"
"Citalopram Hydrobromide","2812"
"Methadone","2793"
"Clindamycin","2790"
"Linezolid","2766"
"Octreotide Acetate","2744"
"AcetaZOLamide Sodium","2712"
"traZODONE HCl","2687"
"NEO*PO*Ferrous Sulfate Elixir","2678"
"Sarna Lotion","2636"
"Guaifenesin","2636"
"Methylprednisolone Na Succ.","2622"
"Gentamicin","2616"
"Vancomycin Oral Liquid","2613"
"Isotonic Sodium Chloride","2603"
"Ceftazidime","2585"
"Oxycodone","2552"
"Albumin 5% (12.5g / 250mL)","2548"
"Lidocaine 5% Patch","2515"
"Artificial Tears","2481"
"Nicotine Patch","2441"
"Sodium Chloride Nasal","2425"
"Valsartan","2414"
"Ascorbic Acid","2346"
"Calcium Acetate","2335"
"Metoprolol XL","2324"
"Prismasate (B32 K2)","2319"
"Metolazone","2313"
"Multivitamin IV","2297"
"NiCARdipine IV","2296"
"Eptifibatide","2273"
"Scopolamine Patch","2263"
"Dexmedetomidine","2258"
"Lansoprazole Oral Suspension","2255"
"NEO*IV*Ampicillin Sodium","2254"
"Oxycodone-Acetaminophen Elixir","2170"
"Ampicillin-Sulbactam","2138"
"Sulfameth/Trimethoprim SS","2120"
"Alprazolam","2103"
"Oxycodone SR (OxyconTIN)","2091"
"NEO*IV*Caffeine Citrate","2059"
"Nephrocaps","2046"
"Losartan Potassium","2013"
"Golytely","2005"
"0.45% Sodium Chloride","2000"
"Isosorbide Dinitrate","1962"
"Cyanocobalamin","1936"
"GlyBURIDE","1919"
"Tamsulosin","1910"
"Diltiazem Extended-Release","1909"
"Hydrocodone-Acetaminophen","1897"
"Nesiritide","1857"
"Phenytoin (Suspension)","1827"
"CloniDINE","1788"
"Mirtazapine","1780"
"Prismasate (B22 K4)","1776"
"Bupivacaine 0.5%","1771"
"Hydromorphone P.F.","1766"
"Tiotropium Bromide","1755"
"Morphine Sulfate IR","1754"
"Pravastatin","1748"
"Artificial Tear Ointment","1735"
"Sertraline","1699"
"Promethazine HCl","1690"
"Sevelamer","1641"
"Chlorothiazide Sodium","1635"
"Sodium CITRATE 4%","1630"
"MetFORMIN (Glucophage)","1628"
"Midodrine","1621"
"Cephalexin","1609"
"NEO*IV*Fat Emulsion","1590"
"Syringe (0.9% Sodium Chloride)","1587"
"Methadone HCl","1579"
"Esmolol","1576"
"NEO*PO*Caffeine Citrate","1572"
"Nifedipine CR","1569"
"Torsemide","1564"
"Oxycodone Liquid","1550"
"Bupivacaine 0.1%","1520"
"Desmopressin Acetate","1519"
"Vecuronium Bromide","1504"
"Mupirocin Nasal Ointment 2%","1478"
"Daptomycin","1461"
"Glipizide","1455"
"Ciprofloxacin","1438"
"Methylprednisolone Na Succ","1427"
"DOBUTamine","1427"
"Bumetanide","1423"
"Nadolol","1413"
"Albumin 25% (12.5gm)","1406"
"Erythromycin 0.5% Ophth Oint","1400"
"Loperamide","1396"
"Latanoprost 0.005% Ophth. Soln.","1377"
"Cepacol (Menthol)","1361"
"Sodium Chloride 3% (Hypertonic)","1351"
"Rosuvastatin Calcium","1349"
"Magnesium Citrate","1334"
"Morphine SR (MS Contin)","1328"
"Aztreonam","1326"
"Fluticasone-Salmeterol Diskus (250/50) ","1313"
"Risperidone","1312"
"Azithromycin ","1310"
"Potassium Chl 40 mEq / 1000 mL D5 1/2 NS","1305"
"Neomycin-Polymyxin-Bacitracin","1305"
"Syringe (Neonatal) *NS*","1304"
"ValGANCIclovir","1302"
"Readi-Cat 2 (Barium Sulfate 2% Suspension)","1298"
"Colchicine","1293"
"Sirolimus","1285"
"Lansoprazole","1274"
"Fludrocortisone Acetate","1269"
"Rifaximin","1263"
"Oxycodone (Sustained Release)","1255"
"Gentamicin Sulfate","1219"
"Protamine Sulfate","1214"
"Ezetimibe","1201"
"Montelukast Sodium","1199"
"Voriconazole","1186"
"Heparin Dwell (1000 Units/mL)","1172"
"Fluoxetine","1167"
"Caspofungin","1165"
"Benzonatate","1164"
"AMP","1160"
"Ursodiol","1157"
"Fexofenadine","1154"
"Ondansetron ODT","1149"
"CycloSPORINE (Sandimmune)","1149"
"Fluticasone Propionate NASAL","1141"
"Argatroban","1131"
"Finasteride","1129"
"Filgrastim","1123"
"Lidocaine","1123"
"NEO*IV*Parenteral Nutrition","1118"
"0.83% Sodium Chloride","1106"
"Nafcillin","1076"
"NS Epidural Bag ","1072"
"Fluticasone-Salmeterol (250/50) ","1070"
"Potassium Chl 40 mEq / 1000 mL NS","1067"
"Metoprolol XL (Toprol XL)","1053"
"Acetaminophen-Caff-Butalbital","1052"
"Paroxetine","1050"
"Albumin 25% (12.5 g)","1049"
"Citalopram","1049"
"Normocarb","1045"
"Enalapril Maleate","1035"
"Clonidine HCl","1032"
"Morphine Sulfate (Oral Soln.)","1032"
"Potassium Chl 20 mEq / 1000 mL D5NS","1024"
"Aluminum Hydroxide Suspension","1014"
"Metformin","996"
"Succinylcholine","990"
"Nimodipine","988"
"Calcitriol","977"
"Tamsulosin HCl","975"
"Calcium Replacement (Oncology)","975"
"Heparin Flush (100 units/ml)","972"
"Amino Acids 4.25% W/ Dextrose 5%","971"
"Sulfameth/Trimethoprim","968"
"Dexmedetomidine HCl","959"
"Lamotrigine","953"
"Epidural Bag","949"
"Erythromycin","940"
"Valproate Sodium","932"
"Tobramycin Sulfate","931"
"Sodium Acetate","930"
"Heparin Flush (1000 units/mL)","918"
"Baclofen","914"
"Donepezil","912"
"Loperamide HCl","910"
"Oxazepam","910"
"Tuberculin Protein","910"
"Tacrolimus Suspension","903"
"NEO*IV*Vancomycin","898"
"Phenobarbital","893"
"Guaifenesin-Dextromethorphan","893"
"BuPROPion (Sustained Release)","890"
"Cetylpyridinium Chl (Cepacol)","887"
"Sertraline HCl","884"
"AcetaZOLAMIDE","877"
"Acetaminophen w/Codeine","876"
"Anti-Thymocyte Globulin (Rabbit)","872"
"Calcium Chloride","872"
"Mannitol 20 %","871"
"Fosphenytoin","858"
"Famotidine (IV)","854"
"Escitalopram Oxalate","850"
"Citrate Dextrose 3% (ACD-A) CRRT","850"
"Nitroglycerin Ointment  2%","848"
"Etomidate","847"
"Micafungin","846"
"Zinc Sulfate","844"
"Amoxicillin-Clavulanic Acid","842"
"Venlafaxine XR","840"
"Brimonidine Tartrate 0.15% Ophth.","835"
"Unasyn","830"
"Morphine Sulfate (Concentrated Oral Soln)","829"
"Valproic Acid","824"
"D5LR","818"
"Hespan","817"
"Maalox/Diphenhydramine/Lidocaine","807"
"Phenytoin Sodium Extended","805"
"Aluminum-Magnesium Hydroxide","799"
"Carbidopa-Levodopa (25-100)","794"
"Promethazine","793"
"Enalaprilat","788"
"NEO*PO*MCT Oil","779"
"Ambisome","772"
"Duloxetine","763"
"Doxycycline Hyclate","762"
"traMADOL","761"
"Albuterol MDI","756"
"sevelamer CARBONATE","744"
"Paroxetine HCl","738"
"Guaifenesin-Codeine Phosphate","736"
"Doxazosin","734"
"NS Epidural Bag (0.9% NaCl)","732"
"Oxybutynin","719"
"Bacitracin Ointment","719"
"Verapamil SR","715"
"Lidocaine Viscous 2%","714"
"Artificial Tears Preserv. Free","714"
"Fluoxetine HCl","712"
"Nifedipine","712"
"Oxycodone-Acetaminophen (5mg-325mg)","708"
"Alteplase","707"
"Naloxone HCl","691"
"Alendronate Sodium","682"
"CycloSPORINE (Neoral) MODIFIED","682"
"HydrOXYzine","679"
"NEO*PO*Vitamin E Drops","677"
"Lamivudine","675"
"Verapamil HCl","667"
"Hydrocortisone","665"
"Isosorbide Mononitrate","647"
"Lactulose Enema","631"
"Valganciclovir HCl","630"
"Hydroxyurea","623"
"Acetylcysteine (IV)","622"
"Ferrous Gluconate","618"
"Yellow CADD Cassette","618"
"D5W (GLASS BOTTLE)","616"
"Morphine Sulfate SR","608"
"Ganciclovir","606"
"Hydroxyzine HCl","603"
"BuPROPion","589"
"Heparin Sodium (Preservative Free)","589"
"Sulfameth/Trimethoprim Suspension","585"
"Naloxone","583"
"Nitroglycerin Oint. 2%","581"
"Timolol Maleate 0.5%","575"
"Divalproex Sodium","574"
"Oxcarbazepine","573"
"Dorzolamide 2%/Timolol 0.5% Ophth.","570"
"Gemfibrozil","570"
"Aspirin Desensitization (Angioedema)","566"
"Midodrine HCl","565"
"Phosphorus","555"
"Chlorhexidine Gluconate","554"
"Imipenem-Cilastatin","552"
"Cefpodoxime Proxetil","545"
"Albumin 5% (25 g)","543"
"Albumin 5% (12.5gm)","539"
"Venlafaxine","538"
"Oxacillin","530"
"Pregabalin","528"
"Sodium Chloride ","527"
"Syringe (Chemo)","527"
"NEO*IM*Hepatitis B Vaccine","526"
"Oxymetazoline HCl","524"
"Multivitamins W/minerals","524"
"Fish Oil (Omega 3)","509"
"Salmeterol Xinafoate Diskus (50 mcg)","509"
"Hyoscyamine","506"
"Mycophenolate Mofetil Suspension","506"
"Heparin Flush (5000 Units/mL)","504"
"Carbamazepine","501"
"Clonidine TTS 1 Patch","500"
"Propoxyphene Nap.-Apap (N-100)","493"
"Ranitidine (Liquid)","493"
"D12.5W","491"
"Quinapril","488"
"Nystatin Cream","487"
"Magnesium Sulfate Replacement (Oncology)","486"
"Starter PN D10","486"
"Tolterodine","484"
"Amitriptyline HCl","484"
"Nicotine","481"
"Adenosine","481"
"Amitriptyline","481"
"Desitin","477"
"ChlorproMAZINE","476"
"Miconazole 2% Cream","467"
"Xopenex","467"
"PrednisoLONE Acetate 1% Ophth. Susp.","462"
"Verapamil","462"
"Ibuprofen Suspension","461"
"Racepinephrine","461"
"Amoxicillin","459"
"Lidocaine Jelly 2%","457"
"Codeine Sulfate","456"
"Glipizide XL","456"
"Lansoprazole Oral Solution","449"
"Xopenex Neb","448"
"Clotrimazole","447"
"Heparin Flush","445"
"Oxymetazoline","442"
"MoviPrep","442"
"Syringe (Neonatal) *SW*","441"
"Phenytoin Infatab","441"
"BusPIRone","437"
"Nortriptyline","430"
"Cyclobenzaprine","430"
"NEO*IV*Fentanyl","424"
"Lacri-Lube Oint","423"
"Multivitamin 12","422"
"Chloraseptic Throat Spray","421"
"Psyllium","421"
"Gastroview (Diatrizoate Meglumine & Sodium)","421"
"Aripiprazole","419"
"Albumin 5% (12.5 g)","418"
"Sotalol","417"
"Indomethacin Sodium","413"
"sevelamer HYDROCHLORIDE","411"
"Rosiglitazone Maleate","405"
"Hydromorphone-HP","399"
"Ketamine","399"
"Topiramate (Topamax)","398"
"Penicillin G Potassium","398"
"Doxercalciferol","397"
"Cholestyramine","394"
"Furosemide (Elixir)","393"
"Azathioprine","392"
"Mannitol","386"
"Potassium Acetate","386"
"Terazosin","386"
"Diphenoxylate-Atropine","385"
"Pyridostigmine Bromide","385"
"NEO*PO*Chlorothiazide","382"
"Epinephrine 1:1000","380"
"Ritonavir","380"
"Amlodipine Besylate","380"
"D5W (Excel)","373"
"Fleet Phospho-Soda","372"
"Propranolol HCl","369"
"Heparin Flush Port (10units/ml)","368"
"Tizanidine","363"
"Nystatin Ointment","362"
"Lidocaine 2%","362"
"Divalproex (DELayed Release)","359"
"Terazosin HCl","358"
"Atovaquone Suspension","358"
"Pamidronate","356"
"Fluticasone-Salmeterol (100/50)","355"
"Megestrol Acetate","354"
"Benztropine Mesylate","353"
"Fondaparinux Sodium","353"
"Fat Emulsion 20%","352"
"Rifampin","351"
"Phenaseptic Throat Spray","349"
"Fentanyl PCA","348"
"Zonisamide","344"
"Ipratropium Bromide","343"
"Mupirocin Cream 2%","342"
"Bupivacaine 0.50%","342"
"Indomethacin","341"
"Methylnaltrexone","341"
"Heparin (CRRT Machine Priming)","340"
"Phenytoin Sodium (IV)","340"
"NEO*IM*Pneumococcal 7-Valent","338"
"Phenazopyridine HCl","338"
"Calcitonin Salmon","338"
"Aminocaproic Acid","338"
"Ferrous Sulfate (Liquid)","334"
"Potassium Chl 40 mEq / 1000 mL D5W","334"
"Amikacin","333"
"Cyclophosphamide","332"
"Mucinex","330"
"NS Epidural Bag","330"
"Fluticasone-Salmeterol Diskus (500/50) ","329"
"NEO*IM*Haemophilus B  Conj Vac","328"
"Nystatin","322"
"ValGANCIclovir Suspension","320"
"Vitamin A","319"
"Multivitamin Liquid","317"
"Syringe (NS)","316"
"Lepirudin","310"
"Nystatin Oral Susp.","309"
"Clarithromycin","308"
"Propranolol","308"
"Syringe (Neonatal) *D10W*","307"
"Fluticasone-Salmeterol Diskus (100/50)","305"
"Nicardipine HCl IV","300"
"Vancomycin Enema","300"
"Psyllium Wafer","298"
"Potassium Chl 40 mEq / 1000 mL D5NS","297"
"Ascorbic Acid (Liquid)","297"
"Lanthanum","296"
"Tricor","295"
"Mirapex","293"
"Triamterene-Hydrochlorothiazide","292"
"Clozapine","292"
"Dipyridamole-Aspirin","291"
"Naproxen","289"
"Ramipril","288"
"Polysaccharide Iron Complex","287"
"Pentobarbital Sodium","287"
"NEO*IM*Palivizumab","287"
"Cinacalcet","287"
"lacosamide","287"
"Timolol Maleate 0.25%","286"
"Clonidine Patch 0.1 mg/24 hr","286"
"Hydroxychloroquine Sulfate","285"
"Cyclopentolate 1%","285"
"Mineral Oil","282"
"Heparin Flush CRRT (5000 Units/mL)","281"
"Pioglitazone HCl","281"
"Clotrimazole Cream","278"
"Oseltamivir","278"
"D15W","277"
"Ferric Gluconate","274"
"Clonidine Patch 0.3 mg/24 hr","273"
"Silver Sulfadiazine 1% Cream","272"
"Leucovorin Calcium","272"
"NEO*IV*Indomethacin Sodium","269"
"Sotalol HCl","269"
"Methimazole","267"
"Gammagard Liquid","267"
"Namenda","266"
"Glycerin Supps","264"
"Cyclopentolate-Phenylephrine","264"
"Cyclobenzaprine HCl","262"
"NEO*PO*SODium Chloride","259"
"Ethacrynate Sodium","259"
"Temazepam","257"
"Papain 2.5 % Solution","257"
"Hydrocerin","256"
"Glycerin (Ped)","255"
"NEO*SC*Phytonadione","254"
"Niacin SR","253"
"Lithium Carbonate","252"
"Nitroglycerin Patch","249"
"Dexamethasone Sod Phosphate","248"
"Dorzolamide 2% Ophth. Soln.","248"
"TB Syringe","248"
"Dofetilide","247"
"Ropinirole","246"
"Hurricaine Spray","245"
"Aspirin (Buffered)","245"
"Ampicillin","244"
"NS        (Glass Bottle)","242"
"Mesalamine DR","242"
"Insulin Regular Human (U-500)","242"
"Emtricitabine-Tenofovir (Truvada)","240"
"Paricalcitol","238"
"Tizanidine HCl","237"
"Meclizine","234"
"LeVETiracetam Oral Solution","234"
"Methylprednisolone","231"
"Cytarabine","229"
"Quinine Sulfate","228"
"Cinacalcet HCl","227"
"Alteplase 1mg/1mL ( Clearance ie. Temp TLCL )","226"
"Ciprofloxacin 0.3% Ophth Soln","224"
"Pentoxifylline","223"
"Travasol 4.25% W/ Dextrose 5%","223"
"DTaP-HepB-IPV Combined","222"
"Hydrocortisone Cream 1%","220"
"Methylphenidate HCl","220"
"Aquaphor Ointment","219"
"Clonidine Patch 0.2 mg/24 hr","218"
"Abacavir Sulfate","218"
"NEO*IV*Oxacillin","218"
"Syringe (PCA)","217"
"Pediatric Vitamins ADC","216"
"Tigecycline","214"
"Advair Diskus","214"
"Tenofovir Disoproxil (Viread)","213"
"Heparin Flush Midline (100 units/ml)","211"
"Lidocaine 0.5%","211"
"Lidocaine 5% Ointment","210"
"Rituximab","210"
"Albumin 5% ","210"
"NEO*PO*Ferrous Sulfate Elixer","209"
"Estrogens Conjugated","209"
"Caphosol","208"
"Triamcinolone Acetonide 0.1% Cream","208"
"Meropenem Desensitization","208"
"Dronabinol","207"
"Methotrexate Sodium","207"
"Collagenase Ointment","207"
"Phenazopyridine","206"
"Topiramate","206"
"Minoxidil","205"
"Oseltamivir Phosphate","204"
"Pyridoxine HCl","203"
"Divalproex Sod. Sprinkles","202"
"Atazanavir","201"
"Fleet Enema","199"
"Mexiletine","198"
"Potassium Chl 20 mEq / 1000 mL D5LR","197"
"Methocarbamol","197"
"Opium Tincture","197"
"Calcium Carbonate Suspension","196"
"Sumatriptan Succinate","196"
"Haemophilus B Conj. Vaccine","195"
"Penicillin G K Desensitization","195"
"Methylene Blue 1%","194"
"Albumin 5%","192"
"Flumazenil","192"
"Acetylcysteine","191"
"PrimiDONE","190"
"Thrombin","188"
"Mesalamine","187"
"Tucks Hemorrhoidal Oint 1%","186"
"Miralax","186"
"Heparin CRRT","186"
"Moexipril HCl","185"
"Beractant","185"
"Heparin (IABP)","185"
"Doxepin HCl","185"
"Bivalirudin","185"
"Pyridoxine","184"
"Amphotericin B","182"
"NS (Irrigation Bottle)","181"
"Dextromethorphan-Guaifenesin (Sugar Free)","179"
"Tirofiban","179"
"Sodium Bicarbonate 4.2% (2.4mEq)","178"
"Vitamin E","178"
"Tenofovir Disoproxil Fum.","177"
"Clonidine TTS 2 Patch","177"
"MCT Oil","176"
"Sildenafil","176"
"Etoposide","175"
"Qvar","174"
"Codeine Phosphate","173"
"Rocuronium","173"
"Efavirenz","173"
"NEO*PO*Ranitidine","173"
"Benzocaine 20% Spray","173"
"Heparin (Hemodialysis)","173"
"Procainamide HCl","172"
"Syringe (Intrapleural)","171"
"Felodipine","170"
"Dapsone","169"
"Gelclair","169"
"Methylphenidate","169"
"Levalbuterol Neb","169"
"pramipexole","168"
"Butalbital-Acet-Caffeine","168"
"Beclomethasone Dipro. AQ (Nasal)","168"
"MethylPHENIDATE (Ritalin)","168"
"Dicloxacillin","167"
"Albumin, Human","166"
"Lopinavir-Ritonavir","166"
"Creon 12","166"
"Olanzapine (Disintergrating Tablet)","165"
"Vi-Daylin Multivitamin Drops","164"
"Flecainide Acetate","164"
"Desmopressin Nasal","164"
"Pioglitazone","164"
"Nitrofurantoin (Macrodantin)","163"
"Transplant Self Medication Program","162"
"NEO*PO*Metoclopramide","161"
"Palivizumab","160"
"Lidocaine 1%/Epinephrine 1:100000","159"
"Sodium Chloride 23.4%","159"
"Chlorothiazide","157"
"Docusate","156"
"Hepatitis B Immune Globulin (Nabi-HB)","156"
"Perphenazine","156"
"Salmeterol","155"
"Chlordiazepoxide HCl","155"
"Clonidine TTS 3 Patch","153"
"Pentamidine-Inhalation","153"
"Dopamine HCl","152"
"Fluphenazine","152"
"Divalproex (EXTended Release)","150"
"NEO*IV*Cefotaxime","149"
"Avapro","149"
"Clobetasol Propionate 0.05% Cream","149"
"Multivitamin-12","143"
"Dabigatran Etexilate","142"
"Lyrica","142"
"Hydrocortisone (Rectal) 2.5% Cream","142"
"Ropinirole HCl","141"
"Bicitra","140"
"Bismuth Subsalicylate","140"
"AMOXicillin Oral Susp.","140"
"Drotrecogin Alfa (Xigris)","139"
"Colistin","139"
"Heparin Flush Port (10 units/mL)","138"
"Tocopheryl","137"
"Mesna","137"
"NS Syringe (Intrapleural)","137"
"Norepinephrine Bitartrate","136"
"*NF* Ertapenem Sodium","136"
"*NF* Basiliximab","136"
"Sildenafil Citrate","135"
"Theophylline SR","135"
"Fosphenytoin Sodium","134"
"DOXOrubicin","134"
"NEO*PO*Opium Tincture (Dilute)","134"
"Lantus","133"
"Vitamin B Complex w/C","133"
"Vitamin B Complex","132"
"Amantadine","132"
"Budesonide","132"
"Beclomethasone Dipropionate","131"
"Lumigan","131"
"Dexamethasone Ophthalmic Soln 0.1%","130"
"Bacitracin/Polymyxin B Sulfate Opht. Oint","129"
"Niacin","129"
"Starter PN D5","128"
"Clobetasol Propionate 0.05% Ointment","128"
"Valacyclovir","128"
"Propafenone HCl","128"
"MENINGOcoccal Conj Vaccine (Menactra)","127"
"Sterile Diluent for Flolan","126"
"Ketoconazole 2% ","125"
"NEO*SC*Polio Vaccine (Inactive)","125"
"Epoprostenol Na","125"
"MetFORMIN XR (Glucophage XR)","125"
"Potassium Chl 20 mEq / 1000 mL D5W","124"
"NEO*IM*DT  & Acellular Pertussis","122"
"Prasugrel","122"
"Nitrofurantoin Monohyd (MacroBID)","122"
"Pancrelipase 5000","122"
"Heparin Flush Hickman (100 units/ml)","121"
"Methotrexate","120"
"Nicotine Polacrilex","120"
"Hydrocortisone Cream 0.5%","120"
"Pentamidine Inhalation","119"
"NS (Syringe)","119"
"Solution","118"
"Ethambutol HCl","118"
"Miconazole Nitrate Vag Cream 2%","118"
"Ziprasidone","118"
"Atropine Sulfate Ophth 1%","117"
"Papain-Urea Ointment","117"
"Docusate ","117"
"Stavudine","116"
"Hydrocortisone Na Succinate","116"
"Amino Acids 5%-Dextrose 15%","116"
"Darunavir","116"
"Nafcillin Desensitization","115"
"Dextran 40 10%","115"
"NEO*PO*Spironolactone","114"
"Repaglinide","114"
"Droperidol","113"
"Pseudoephedrine HCl","112"
"Albuterol Sulfate-Ipratropium","112"
"fenofibrate","112"
"Creon 10","111"
"Critic-Aid Skin Paste","111"
"Ethacrynic Acid","111"
"ValGANCIclovir ","111"
"Dicyclomine","110"
"Multi","110"
"Modafinil","109"
"Raltegravir","109"
"Neomycin Sulfate","108"
"Hydrochloric Acid","108"
"Isoniazid","107"
"Levalbuterol HCl","107"
"Hydrocortisone Acetate Ointment 1%","107"
"Eplerenone","107"
"quiniDINE Gluconate E.R.","107"
"Zofran","106"
"Lidocaine 1% P.F.","106"
"Epinephrine Inhalation","105"
"Posaconazole Suspension","105"
"Eucerin","104"
"Viokase-8","104"
"Hepatitis B Immu Glob (HepaGam B)","103"
"300 mcg Vial","103"
"Risperidone (Disintegrating Tablet)","102"
"Acyclovir Ointment 5%","102"
"Neo*Desitin Creamy","101"
"Trisodium Citrate 0.4% Replacement Soln","100"
"Iron Polysaccharides Complex","100"
"CARBOplatin","100"
"Chlorthalidone","100"
"NEO*Aquaphor","99"
"LeVETiracetam Solution","99"
"Meclizine HCl","99"
"Dextromethorphan Poly Complex","99"
"Celebrex","99"
"Carbamazepine XR","99"
"Tamoxifen Citrate","98"
"Emtricitabine","97"
"NEO*PO*Poly-VI-solution","97"
"Foscarnet Sodium","97"
"Irbesartan","96"
"Dakins 1/4 Strength","96"
"Memantine","96"
"Insulin Pump","96"
"Ceftriaxone Desensitization","96"
"Bacitracin-Polymyxin Ointment","95"
"Thiamine Study Drug (*IND*)","95"
"Trandolapril","94"
"Provigil","94"
"Syringe (Intraperitoneal)","94"
"Erythromycin Lactobionate","93"
"Miconazole Nitrate (Combo Pack)","93"
"Carbidopa-Levodopa (25-250)","93"
"Glimepiride","93"
"Tobramycin Inhalation Soln","91"
"KCl","91"
"Acetaminophen w/Codeine Elixir","90"
"NEO*IV*Morphine Sulfate","90"
"Ketamine HCl","90"
"Pangestyme-EC","89"
"NiCARdipine","89"
"Lidocaine-Prilocaine","89"
"Bupropion HCl","89"
"Glutamine","88"
"Triamcinolone Acetonide 0.1% Ointment","88"
"NEO*PO*Potassium Chloride","87"
"Neo*PO*Omeprazole","87"
"Maalox/Lidocaine","87"
"Lamivudine-Zidovudine (Combivir)","87"
"Bengay","86"
"Dextrose 20% in Water (D20W)","86"
"NEO*IV*Acyclovir","85"
"Amaryl","84"
"Vioxx","84"
"Phenobarbital Elixir","83"
"Penicillin V Potassium","83"
"Phenobarbital Sodium","82"
"Lactic Acid 12% Lotion","81"
"Magnesium Sulfate (Latex Free)","81"
"Viokase 8","80"
"Zidovudine","80"
"D7.5W","80"
"Miconazole Nitrate Vaginal","80"
"D5 1/4NS","80"
"D20W","80"
"VinCRIStine (Oncovin)","80"
"Iron Dextran Complex","79"
"Arimidex","78"
"Epinephrine HCl","78"
"Carbidopa-Levodopa CR (50-200)","78"
"Hydrocortisone Cream 2.5%","77"
"Amino Acids 4.25%-Dextrose 5%","77"
"Probenecid","76"
"Caspofungin Acetate","76"
"Nevirapine","76"
"Humalog","75"
"PlasmaLyte","75"
"Evista","74"
"0.45 % Sodium Chloride","74"
"Entecavir","73"
"Theophylline (Oral Solution)","73"
"Lovastatin","73"
"Sulfamethoxazole-Trimethoprim","73"
"Pulmicort","72"
"Syringe (Intrathecal)","72"
"Propranolol LA","72"
"Quetiapine extended-release","72"
"Bromocriptine Mesylate","72"
"Triamcinolone Acetonide 0.025% Cream","71"
"Ciprofloxacin Ophth Soln","71"
"Meningococcal Vaccine","71"
"NEO*PO*Morphine","70"
"Ampicillin Desensitization","69"
"Tobramycin-Dexamethasone Ophth Oint","68"
"NEO*NASAL*Phenylephrine 0.125%","67"
"Acetaminophen (Rectal)","67"
"Pyrimethamine","67"
"Nexium","67"
"Moexipril","67"
"Aspirin ","67"
"Sodium Chloride 3% Inhalation Soln","67"
"Bupropion SR","66"
"Normocarb Dialysis Soln","66"
"NEO*IV*Clindamycin","66"
"Clindamycin HCl","66"
"SulfaSALAzine_","66"
"Prednisolone Acetate 0.12% Ophth. Susp.","65"
"Abciximab","65"
"Fomepizole","65"
"Divalproex Sodium ER","65"
"Liothyronine Sodium","65"
"Desipramine HCl","65"
"Prazosin","65"
"Chlorpromazine HCl","64"
"Dobutamine HCl","64"
"Restasis","64"
"Meperidine PF","64"
"Procainamide","64"
"Maalox/Benadryl/Lidocaine","63"
"Opium Deodorized Tinc.","63"
"Saliva Substitute","63"
"Muromonab-CD3","63"
"sodium bicarb","63"
"Terbinafine 1% Cream","63"
"Fluocinonide 0.05% Cream","63"
"*NF* Nicardipine HCl IV","62"
"Bupivacaine 0.25%","62"
"Tromethamine","62"
"Prazosin HCl","62"
"Albuterol Sulfate","62"
"Disopyramide Phosphate","62"
"Primaquine Phosphate","61"
"Isoproterenol","61"
"Adderall","61"
"Methotrexate Sodium P.F.","61"
"Dakins 1/2 Strength","60"
"Kaopectate/Benadryl/Lido Visc.","60"
"Benicar","60"
"Ranolazine","60"
"Mexiletine HCl","59"
"Augmentin Suspension","59"
"Cisplatin","59"
"Carbamazepine Suspension","59"
"Syringe (Sterile Water)","59"
"Debrox 6.5%","58"
"NEO*IV*Dexamethasone","58"
"Phentolamine Mesylate","58"
"Talc (Sterile)","58"
"Fentanyl","58"
"cilostazol","58"
"Carbamide Peroxide 6.5%","58"
"Aprepitant","58"
"Ticlopidine HCl","57"
"Pletal","57"
"Dantrolene Sodium","57"
"Valtrex","57"
"Hemorrhoidal Suppository","57"
"Sodium Chloride 0.45% Flush","57"
"Syringe (SW)","57"
"danazol","56"
"Carbidopa-Levodopa CR (25-100)","56"
"Travatan","56"
"Bisacodyl (Rectal)","56"
"Ibutilide Fumarate","56"
"Bacitracin Ophthalmic oint","56"
"5 Syringes (NS)","56"
"Intralipid/Liposyn III (Glass)","55"
"Syringe (PD)","55"
"Bethanechol","55"
"Vigamox","55"
"Loratadine","55"
"Bupivacaine 0.05%","55"
"Myfortic","54"
"Amiloride HCl","54"
"Silver Nitrate Applicator","54"
"Citric Acid/Sodium Citrate","54"
"Orabase w/ Benzocaine Paste","54"
"Moxifloxacin","54"
"*NF* Micafungin","54"
"Hydrocortisone Study Drug (*IND*)","54"
"Tetanus-Diphtheria Toxoids-Td","53"
"Valganciclovir HCl Suspension","53"
"Fosamprenavir","53"
"Ondansetron HCl","53"
"Entacapone","53"
"Imipramine HCl","53"
"Viokase","53"
"Ziprasidone Hydrochloride","53"
"Pyrazinamide","53"
"Niaspan","53"
"Misoprostol","52"
"Bisoprolol Fumarate","52"
"Sodium Fluoride (Dental Gel)","52"
"TOLVAPTAN","52"
"Insulin Pump (Self Administering Medication)","52"
"Diovan","51"
"Milrinone Lactate","51"
"Intralipid/Liposyn III (Plastic)","51"
"NEO*IV*PHENObarbital","51"
"D25W","51"
"Exelon","51"
"Prochlorperazine Maleate","51"
"Trihexyphenidyl HCl","51"
"Aliskiren","50"
"Bacitracin","50"
"Chlorpheniramine-Hydrocodone","50"
"Dronedarone","50"
"Nabumetone","49"
"Parenteral Nutrition (TPN)","48"
"Ribavirin","48"
"Glucophage XR","48"
"Nicotine Lozenge","48"
"sodium","48"
"Famotidine (PO)","48"
"Methyldopa","48"
"Dipyridamole","48"
"Testosterone 5mg Patch","48"
"Thyroid","48"
"sodium bicar","47"
"Pentamidine Isethionate","47"
"Risperidone Oral Solution","47"
"Clopidogrel Desensitization","47"
"1/4 NS","46"
"NEO*PO*Dexamethasone","46"
"Fluvoxamine Maleate","46"
"Acebutolol HCl","46"
"Rofecoxib","46"
"Polymyxin B Sulfate","46"
"Mercaptopurine","46"
"Imipramine","46"
"Hydrocodone-Acetaminophen (5mg-500mg","46"
"Betamethasone Dipro 0.05% Cream","45"
"Mesalamine (Rectal)","45"
"Ivermectin","45"
"Sodium Citrate/Citric Acid","44"
"Capsaicin 0.025%","44"
"Carbidopa-Levodopa (10-100)","44"
"Testosterone 2.5mg Patch","44"
"Fluorouracil","44"
"Anastrozole","44"
"NEO*IV*Cefazolin","43"
"Hepatitis B Vaccine","43"
"Betaxolol Hcl  0.25%","43"
"NS (Excel)","43"
"Adderall XR","43"
"Quinidine Sulfate","43"
"Hydrocortisone Na Succ","43"
"Benazepril","42"
"Aminophylline","42"
"Bortezomib","42"
"Azopt","42"
"Pseudoephedrine","42"
"Heparin ","41"
"Vancomycin Antibiotic Lock","41"
"Comtan","41"
"Glucose Tab","41"
"Acetaminophen (Childrens)","41"
"Medroxyprogesterone Acetate","41"
"ACD-A for CRRT","41"
"Pilocarpine 4%","41"
"Tobramycin-Dexamethasone Ophth Susp","41"
"Azathioprine Sodium","41"
"Multiple Vitamins Liq.","41"
"Alteplase 1mg/Flush Volume ( Dialysis/Pheresis Catheters )","41"
"Cefepime Desensitization","41"
"Etravirine","40"
"Sorbitol","40"
"N-Acetylcysteine Study Drug","40"
"Dibucaine","40"
"Pancrease","40"
"Imodium A-D","40"
"Disopyramide CR","40"
"Fat Emulsion 10%","40"
"Buprenorphine-Naloxone (8mg-2mg)","40"
"Sterile Water For Irrigation","39"
"Cimetidine","39"
"Pilocarpine 1%","39"
"Lipid Emulsion 20%","39"
"Pulmozyme","39"
"Acular","39"
"Propylthiouracil","39"
"Tetanus-DiphTox-Acellular Pertuss (Adacel)","39"
"Imatinib Mesylate","39"
"Pancuronium Bromide","38"
"Clorazepate Dipotassium","38"
"Heparin Lock Flush","38"
"Itraconazole","38"
"Aspirin-Caffeine-Butalbital","38"
"Heparin Flush CVL  (100 units/ml) ","38"
"Acetic Acid 0.25% Irrig. Soln","38"
"Methylphenidate SR","38"
"Vancomycin Desensitization","38"
"Nystatin-Triamcinolone Cream","38"
"Activated Charcoal-Sorbitol","38"
"cycloSPORINE","37"
"Heparin (Preserv. Free)","37"
"Desonide 0.05% Cream","37"
"Emtricitabine-Tenofovir","37"
"Methazolamide","37"
"Estradiol","37"
"Aldesleukin","37"
"Didanosine EC","37"
"Isosorbide Dinitrate SA","37"
"Apraclonidine 0.5%","37"
"Actonel","37"
"Ropivacaine 0.2%","37"
"Amoxicillin-Clavulanate Desensitization","37"
"*NF* Temozolomide","36"
"Sodium Thiosulfate","36"
"Lidocaine 0.5%/Epinephrine","36"
"Gentamicin Sulfate Ophth.","36"
"Skelaxin","36"
"Alcohol 10%","36"
"PrednisoLONE Oral Solution","36"
"Femara","36"
"Metoclopramide HCl","35"
"Medium Chain Triglycerides","35"
"CVVH Citrated","35"
"Oxytocin","35"
"NEO*PR*Acetaminophen","35"
"Nefazodone HCl","35"
"Glyburide/Metformin (5mg-500mg)","34"
"Caffeine-Sodium Benzoate","34"
"sodium bic","34"
"Quinupristin/Dalfopristin","34"
"Claritin","34"
"NEO*IV*CeftazIDIME","34"
"Busulfan","34"
"Hydrocortisone Acetate Suppository","34"
"Calcipotriene 0.005% Cream","33"
"Quinidine Gluconate","33"
"Anusol Ointment 1%","33"
"Prilosec","33"
"Sod Citrate-Citric Acid","33"
"Zyrtec","33"
"Zosyn Desensitization","33"
"PACLItaxel (TaxOL)","33"
"Olmesartan","33"
"levoCarnitine","32"
"VinCRIStine","32"
"Famciclovir","32"
"Salsalate","32"
"Orange Oil","32"
"Fluocinonide 0.05% Ointment","32"
"Travoprost","32"
"Potassium Iodide","32"
"Sulfadiazine","32"
"Oxacillin Desensitization","32"
"Gentamicin Sulf. Ophth. Soln","32"
"Diclofenac Sodium DR","32"
"Famvir","32"
"Indinavir Sulfate","32"
"Blue CADD Cassette","32"
"NEO*PO*Acetaminophen Drops","31"
"Megestrol ","31"
"Tetracycline HCl","31"
"Sulfasalazine","31"
"Celecoxib","31"
"Avodart","31"
"Triazolam","31"
"Januvia","31"
"*NF* Rasburicase","31"
"IDArubicin","31"
"Symbicort","31"
"Aspirin Desensitization (AERD)","31"
"CADD Cassette","31"
"Bactrim Desensitization","30"
"Bimatoprost","30"
"Papain-Urea Spray","30"
"Intralipid 20%","30"
"Albumin ","30"
"Flucytosine","30"
"Hydromorphone HCl","30"
"NS (Intrathecal Bag)","30"
"Travatan Z","30"
"Naphazoline-Pheniramine Ophth. Solution","30"
"Sodium Chloride (23.4%) Kit","30"
"Tetanus-Diphtheria Tox (DECAVAC)","30"
"Atacand","29"
"Calcium Carbonate (Tums)","29"
"albumin","29"
"Vincristine Sulfate","29"
"Bottle","29"
"Rivastigmine","29"
"NEO*PO*Fluconazole","29"
"mult","29"
"Scopolamine 0.25% Ophth Soln","29"
"Minocycline","29"
"Xopenex HFA","29"
"sodium bica","28"
"Tropicamide 1 %","28"
"Becaplermin Gel 0.01%","28"
"Theophylline ER (Uniphyl)","28"
"Theophylline (Slo-bid) Capsule","28"
"Methylergonovine Maleate","28"
"Lithium Carbonate CR (Eskalith)","28"
"Dextroamphetamine","28"
"Simvastatin or placebo","28"
"Pancrease MT 16","28"
"Minocycline HCl","28"
"Ranexa","28"
"CefazoLIN Desensitization","28"
"Pindolol","28"
"Tretinoin (ATRA-All Transretinoic Acid)","28"
"Felbamate","28"
"Aprotinin (Bovine)","27"
"Bismuth Subsalicylate Chewable","27"
"Lopinavir-Ritonavir (Oral Soln)","27"
"TRISODIUM CITRATE 4% REPLACEMENT FLUID (Dialysis)","27"
"NEO*IV*Insulin (Dilute)","27"
"Isoproterenol HCl","27"
"Levobunolol Hcl 0.5%","27"
"Ketoconazole","27"
"Amantadine Syrup","27"
"PFNS (Syringe)","27"
"Insulin Human NPH","27"
"Hydrocortisone Oint 1%","27"
"Leflunomide","27"
"Streptomycin Sulfate","27"
"Copaxone","27"
"Levemir","27"
"Lidocaine 2% P.f.","27"
"Felbatol","27"
"Charcoal Aqueous (Activated)","26"
"Methylene Blue","26"
"Phenylephrine 2.5 % Ophth Soln","26"
"Triamterene","26"
"Sargramostim","26"
"Cabergoline","26"
"Betaxolol Ophth Susp  0.25%","26"
"0.9% Sodium Chloride (EXCEL BAG)","26"
"Chloral Hydrate (Syrup)","25"
"Morphine (PF)","25"
"Ritonavir (Oral Solution)","25"
"D17.5W","25"
"Ketoconazole Shampoo","25"
"Morphine Sulfate ","25"
"Hydromorphone PCA","25"
"NEO*PO*Ergocalciferol","25"
"Hepatitis B Immune Globulin (Bayhep B)","25"
"Cromolyn Sodium","25"
"NEO*IV*Amphotericin B","25"
"WelChol","25"
"Amoxicillin-Clavulanate Susp.","25"
"Doripenem *NF*","25"
"Tiagabine HCl","25"
"Fenofibrate Micronized","25"
"Desipramine","25"
"Magnesium Sulfate (OB)","25"
"Loxapine Succinate","25"
"Vancomycin 25mg/mL Ophth Soln","24"
"Methadone PCA","24"
"Lexapro","24"
"Cipro","24"
"Basiliximab","24"
"Gemcitabine","24"
"Paclitaxel","24"
"Vancomycin Intrathecal","24"
"Fluticasone-Salmeterol","24"
"Lithium Carbonate SR (Lithobid)","24"
"Pancuronium Bromide (NICU)","23"
"Proparacaine HCl 0.5% Opth.","23"
"Clotrimazole 1% Vaginal Crm","23"
"Edrophonium Chloride","23"
"Piroxicam","23"
"Aveeno Bath","23"
"Carisoprodol","23"
"Leuprolide Acetate","23"
"MetronidAZOLE Topical 1 % Gel","23"
"Tobramycin","23"
"Zelnorm","23"
"Phenylephrine  0.5% Nasal Spray","23"
"Nalbuphine HCl","23"
"NEO*PO*Zidovudine Syrup","23"
"Potassium Bicarbonate Eff","23"
"Thiothixene","23"
"Syringe (Intraventricular)","23"
"Tretinoin","23"
"Levalbuterol Tartrate","23"
"Tretinoin Suspension","23"
"Dexamethason","23"
"Rifabutin","22"
"Adefovir","22"
"Accolate","22"
"*NF* Gelclair","22"
"Glyburide/Metformin (2.5mg-500mg)","22"
"Pilocarpine 0.5%","22"
"bactrim","22"
"Nelfinavir Mesylate","22"
"Hyoscyamine SO4 (Time Release)","22"
"Decitabine","22"
"MORPHINE","22"
"Trimethoprim","22"
"Pilocarpine 2%","22"
"Candesartan","22"
"Asparaginase","22"
"Emtricitabine Oral Solution","22"
"Ketamine (For Intubation)","22"
"Isosorbide ","22"
"Ziprasidone Mesylate","22"
"MBL-HCV1 study med (*IND*)","22"
"NEO*IV*Hydrocortisone Sod Succinate","21"
"Morphine ","21"
"Ranitidine HCl","21"
"Soma","21"
"Digoxin Immune Fab","21"
"Mesalamine Enema","21"
"NEO*IV*Furosemide","21"
"Idarubicin HCl","21"
"multivitamin","21"
"Albuterol 0.5%","21"
"Zymar","21"
"Galantamine","21"
"Bupivacaine 0.2%","21"
"Rufinamide","21"
"Infliximab","20"
"Kaolin-Pectin","20"
"Sodium Chloride 0.9%","20"
"Ketamine Study Drug (*IND*)","20"
"Fluvastatin Sodium","20"
"multiv","20"
"Colesevelam","20"
"Acyclovir Sodium","20"
"Methylprednisolone Acetate","20"
"Permethrin","20"
"Neo*Nasal*Sodium Chloride 0.9%","20"
"NEO*PO*Lorazepam Oral Concentrate","20"
"Phenelzine Sulfate","20"
"Esmolol in Saline (Iso-osm)","20"
"prednisoLONE","20"
"Phenytoin ","20"
"PrismaSol  (B32 K0)","20"
"Cyproheptadine","20"
"NEO*IV*Hydrocortisone (1mg/mL)","19"
"Ifosfamide","19"
"Tobramycin 0.3% Ophth Soln","19"
"Heparin Flush ","19"
"Alum Potassium","19"
"VinORELbine (Navelbine)","19"
"Insulin Glargine","19"
"Lidocaine 2%/Epinephrine","19"
"Megestrol","19"
"Candida Skin Test","19"
"Demeclocycline","19"
"Lithium Citrate (Syrup)","19"
"Acarbose","19"
"Fludarabine Phosphate","19"
"Bicalutamide","19"
"Thalidomide","19"
"Arava","19"
"Febuxostat","19"
"Coenzyme Q10 Study Drug","19"
"Betamethasone Dipro 0.05% Oint","18"
"Hepatitis A Vaccine","18"
"Talc","18"
"Cefotetan","18"
"Theophylline","18"
"NEO*PO*Nystatin Suspension","18"
"Domeboro","18"
"Fosinopril","18"
"Povidone Iodine 1/4 Strength","18"
"Betamethasone Sodium Phos/Acet","18"
"*NF* Fenoldopam Mesylate","18"
"Piperacillin","18"
"Nateglinide","18"
"Clindamycin Suspension","18"
"NEO*IV*Ceftriaxone","18"
"Mitoxantrone HCl","18"
"*NF* Imatinib Mesylate","18"
"Mitoxantrone","18"
"Morphine Infusion ? Comfort Care Guidelines","18"
"Tacrolimus (Self Med)","18"
"Vimpat","18"
"23.4% Sodium Chloride","18"
"Hydroxyurea Suspension","18"
"Procainamide SR","17"
"Tobramycin Fortified Ophth. Soln.","17"
"Patanol","17"
"Tylenol w/Codeine Elixir","17"
"Morphine PCA","17"
"Lidocaine 1% PF","17"
"Anti-Thymocyte Globulin (Rabbit) Desensitization","17"
"Latanoprost","17"
"Guaifenesin ER","17"
"LIDOCAINE 1% (W/Presv.)","17"
"Hydrocortisone Oint 2.5%","17"
"Alemtuzumab","17"
"multivit","17"
"Santyl","17"
"Cephalexin Suspension","17"
"Lidocaine 4%","17"
"Neoral","17"
"DAUNOrubicin","17"
"AndroGel","17"
"Anagrelide","17"
"Rimantadine","17"
"Peridex","17"
"Fosaprepitant","17"
"Dornase Alfa","17"
"Gastrocrom","17"
"Lacosamide *NF*","17"
"Didanosine Chewable Tab","16"
"Melatonin","16"
"Ethanol 70% Catheter DWELL","16"
"Lorazepam 2mg syringe","16"
"Thioridazine HCl","16"
"Adefovir Dipivoxil","16"
"Lidocaine 1% (Buffered)","16"
"Nicardipine HCl","16"
"Neomycin-Polymyxin-HC (Otic)","16"
"Benzoyl Peroxide Gel 10%","16"
"Tetanus Immune Globulin","16"
"Casodex","16"
"Gammagard S/D","16"
"Diclofenac Sodium","16"
"Glyburide Prestab","16"
"Metronidazole Gel 0.75%-vaginal","16"
"Entocort EC","16"
"Multivitamin IV (Without Vit. K)","16"
"DOCEtaxel (TaxoTERE)","16"
"Erythromycin Ethylsuccinate Suspension","16"
"Docusate Sodiu","16"
"Trifluoperazine HCl","16"
"Insulin Detemir","16"
"Indapamide","16"
"Lescol","16"
"Dacarbazine","16"
"Fluorometholone 0.1% Ophth Susp.","16"
"Pancrelipase 4500","16"
"Enfuvirtide","16"
"Posaconazole","16"
"letrozole","16"
"Cytomegalovirus Immune Glob","16"
"Paliperidone ER","16"
"Rasburicase","16"
"Dornase alfa *NF*","16"
"Prevident Mint Gel 1.1%","15"
"*NF* Pentostatin","15"
"Doxacurium Chloride","15"
"Atropine Sulfate 1% Ophth Ointment","15"
"Levobunolol 0.5%","15"
"Chloral Hydrate","15"
"Clobazam","15"
"NEO*IV*Chlorothiazide","15"
"Hydrocortisone Val. Cream 0.2%","15"
"Halcion","15"
"Defibrotide (IND)","15"
"Gleevec","15"
"Acamprosate","15"
"Lidocaine ","15"
"Cortef","15"
"Abacavir Oral Solution","15"
"NEO*IV*Piperacillin-Tazobactam","15"
"ClomiPRAMINE","15"
"PARCOPA","15"
"Cromolyn Sodium (Nasal Inhalation)","15"
"Atgam","15"
"Rituximab Desensitization","15"
"Iloprost","15"
"Trimethobenzamide HCl","14"
"NEO*PO*Captopril","14"
"Hydrocortisone Enema","14"
"Aspir","14"
"Nystatin-Triamcinolone","14"
"Trastuzumab","14"
"Docusate Sodium-Casanthranol","14"
"Risperidone Long Acting Injection","14"
"Iron Dextran (Test Dose)","14"
"VESIcare","14"
"NEO*PO*Potassium Phosphate","14"
"Betamethasone Valerate 0.1% Cream","14"
"Cortrosyn","14"
"Voltaren","14"
"Hydrocortisone Oint 0.5%","14"
"Cromolyn","14"
"*NF* Caspofungin Acetate","14"
"NEO*PO*Hydralazine","14"
"Carbamazepine Chewable Tabs","14"
"Anidulafungin","14"
"Etanercept","14"
"Meperidine (PF)","14"
"Dasatinib","14"
"Hepatitis B Immun Globulin (HepaGam B)","14"
"Ribavirin *NF*","14"
"Treprostinil Sodium","14"
"L-Hyoscyamine","13"
"Cidofovir","13"
"Sulfameth/Trimethoprim ","13"
"Morphine Sulfate PF","13"
"Humalog Insulin","13"
"GlycoLax","13"
"Alphagan P","13"
"Charcoal-Sorbitol","13"
"Kaolin/Pectin","13"
"ATRIPLA","13"
"Lithium Carbonate SR","13"
"Raloxifene","13"
"Flonase","13"
"Lamivudine-Zidovudine","13"
"Morphine Sulfate (Syringe)","13"
"Interferon Alfacon-1","13"
"ofloxacin","13"
"Betaseron","13"
"Terlipressin Study Drug (*IND*)","13"
"Amicar","13"
"Clobetasol Propionate 0.05% Soln","13"
"Triamcinolone Acetonide 0.025% Ointment","13"
"Docusat","13"
"Esomeprazole Magnesium","13"
"Mesalamine Desensitization","13"
"Pyrimethamine Desensitization","13"
"anakinra","13"
"Rilutek","12"
"Isosorbide","12"
"Imitrex","12"
"Alternagel-Benadryl-Lidocaine Visc.","12"
"*IND* Pexelizumab/Placebo","12"
"Triamcinolone 0.1% Cream","12"
"Sulfinpyrazone","12"
"Pramipexole Dihydrochloride","12"
"NEO*IV*Penicillin G Potassium","12"
"Mupirocin Ointment 2%","12"
"Razadyne","12"
"Monopril","12"
"Hepsera","12"
"Candida Albicans","12"
"Hepar","12"
"Saquinavir (Invirase) Cap","12"
"Donnatol","12"
"Pneumococcal 7-Valent","12"
"diltia","12"
"Reminyl","12"
"Paxil CR","12"
"Fenofibrate Nanocrystallized","12"
"Fluocinolone Acetonide 0.01% Cream","12"
"Penicillamine","12"
"Fuzeon","12"
"Glucovance (2.5mg-500mg)","12"
"Albumin 5% (2.5gm)","12"
"Lotensin","12"
"Peginterferon Alfa-2a","12"
"Isradipine","12"
"Balsalazide","12"
"Acebutolol","12"
"Volumen (Barium Sulfate 0.1% Suspension)","12"
"Combigan","12"
"Peramivir","12"
"Caspofungin Desensitization","12"
"Tipranavir","11"
"Zafirlukast","11"
"Salagen","11"
"Fluocinolone Acetonide 0.025% Cream","11"
"*NF* Beclomethasone Dipropionate Inhalation","11"
"Scopolamine HBr","11"
"Metronidazole 0.75%","11"
"Cefuroxime Sodium","11"
"Daclizumab","11"
"Levobunolol 0.25%","11"
"Zoledronic Acid","11"
"Enablex","11"
"*NF* Allopurinol Sodium","11"
"Anusol Suppository","11"
"UROXATRAL","11"
"Peg-Intron","11"
"Selenium Sulfide","11"
"Tropicamide 0.5%","11"
"*NF* Diazoxide Suspension","11"
"Normocarb Dialysate","11"
"Carbatrol","11"
"Beclomethasone Dipro. (Oral)","11"
"Cyproheptadine HCl","11"
"Entecavir Oral Solution","11"
"Imodium","11"
"Deferoxamine Mesylate","11"
"ValGANCIclov","11"
"Dexam","11"
"pilocarpine HCl","10"
"Coenzyme Q10","10"
"Guaifenesin LA","10"
"Brinzolamide","10"
"Chlorpheniramine Maleate","10"
"Analgesic Balm","10"
"Albumin 5","10"
"Keppra","10"
"Glucovance (5mg-500mg)","10"
"naltrexone","10"
"Levoxyl","10"
"Anusol-HC Suppository","10"
"Aromasin","10"
"potass","10"
"Ephedrine Sulfate (Pressors)","10"
"Gemtuzumab Ozogamicin","10"
"Albendazole","10"
"Kaolin-Pectin/Benadryl/Lido Visc.","10"
"Oxandrolone","10"
"ACD-A 3% Flush","10"
"Tranylcypromine Sulfate","10"
"cilos","10"
"NEO*IV*Hydrocortisone","10"
"Cocaine HCl","10"
"Propoxyphene HCl","10"
"Flutamide","10"
"Flovent 110mcg","10"
"Muro 128","10"
"NEO*PO*Ursodiol","10"
"Aspi","10"
"sodium bi","10"
"Atropine Sulfate 1%","10"
"*NF* Levetiracetam","10"
"Syringe (Neonatal)  *D12.5W*","10"
"Byetta","10"
"NEO*IVChlorothiazide","10"
"Fosfomycin Tromethamine","10"
"Melphalan","10"
"Albuterol ","10"
"Mycophenolate Mofetil Hcl","10"
"Brimonidine","10"
"Cortroysn","10"
"Alteplase 1mg/5mL ( Clearance ie. Indwelling port )","10"
"Phenoxybenzamine HCl","10"
"Dexameth","10"
"Cephalexin Desensitization","10"
"0.9% Sodium Chloride P.F. (Syringe)","10"
"Dexamethaso","10"
"Iloperidone","10"
"Fluocinolone 0.025% Cream","9"
"Foradil Aerolizer","9"
"Viagra","9"
"Butalbital-Aspirin-Caffeine","9"
"Flurbiprofen 0.03%","9"
"Anzemet","9"
"Aspiri","9"
"*NF* Tacrolimus Suspension","9"
"Lindane Shampoo","9"
"Lithium Carbonate CR","9"
"Haloperidol Decanoate","9"
"Neomycin-Polymyxin-Bacitracin Ophth. Oint","9"
"Simulect","9"
"Alcohol Dehydrated","9"
"Colazal","9"
"charcoal","9"
"NEO*IV*Metoclopramide","9"
"VinBLAStine (Velban)","9"
"Lotemax","9"
"DEX","9"
"Interferon Alfa 2A","9"
"Amylase-Lipase-Protease","9"
"potas","9"
"Nasonex","9"
"Ceftriaxone Sodium","9"
"NEO*PO*Calcium Carbonate Suspension","9"
"Astelin","9"
"Nitrofurantoin","9"
"DILT","9"
"Irinotecan","9"
"Foscarnet","9"
"Sodium Fluoride 1.1% (Dental Gel)","9"
"Liothyronine","9"
"Dexamethasone Oral Soln (0.1mg/1mL)","9"
"Agrylin","9"
"Lubiprostone","9"
"Chantix","9"
"urea","9"
"Candesartan Cilexetil","9"
"Mycophenolate ","9"
"Lidocaine 2%/Epinephrine P.F.","9"
"NEO*IV*Digoxin","9"
"Ribavirin Aerosol","9"
"Cetirizine","9"
"Strattera","9"
"Albumin 5% (2.5 g)","9"
"Trifluridine 1% Ophth Soln.","9"
"asp","9"
"Ketamine ","9"
"Neomycin-Polymyxin-HC Otic Susp","9"
"Sucralfate Enema","9"
"Carmustine","8"
"Melphalan HCl","8"
"Ergocalciferol (Vitamin D2)","8"
"Tekturna","8"
"Amphotericin B Oral Suspension","8"
"Aluminum Hydroxide","8"
"*NF* Capecitabine","8"
"dextrose","8"
"*NF* Arginine HCl","8"
"Bleomycin","8"
"Selegiline HCl","8"
"Bupivacaine 0.25%-Epinephrine","8"
"Floxin","8"
"Raloxifene HCl","8"
"Maalox","8"
"Povidone Iodine 1/2 Strength","8"
"Morphine Sulfate (2-4mg)","8"
"Peppermint Oil","8"
"mul","8"
"Lindane Lotion","8"
"*NF* Budesonide","8"
"Ethanol 70% Catheter DWELL (Tunneled Access Line)","8"
"Ritonavir/Lopinavir","8"
"*NF* Esomeprazole","8"
"Nystatin Powder","8"
"*NF* Guaifenesin LA","8"
"Sulindac","8"
"Sulfacetamide 10% Ophth Soln.","8"
"Colistimethate Sodium","8"
"NEO*PO*Levothyroxine Suspension","8"
"Hexavitamin","8"
"Alprostadil","8"
"Propantheline Bromide","8"
"multivi","8"
"ACCUZYME","8"
"Oxaliplatin","8"
"INO-1001 Study Drug  *IND*","8"
"LaMICtal","8"
"Levalbuterol (Xopenex)","8"
"NEO*IV*Epoetin Alfa","8"
"Sulfameth/Trimet","8"
"Nitroglycerin SR","8"
"DimenhyDRINATE","8"
"Riboflavin","8"
"Praziquantel","8"
"Ciprofloxacin in D5W","8"
"OxycoDONE ","8"
"Maxalt","8"
"Epinephrine ","8"
"Metformin XR","8"
"Risedronate","8"
"Aminocaproic","8"
"Sincalide","8"
"Lidocaine 1% ","8"
"Humulin R","8"
"*NF* Warfarin","8"
"Profilnine SD","8"
"Diazoxide","8"
"Belladonna & Opium (16.2/30mg)","8"
"Remeron SolTab","8"
"Carbamazepine (Extended-Release)","8"
"Hydrocortisone Acetate 10%  Foam","8"
"Clotrimazole 1% Vaginal Cream","8"
"Nelarabine (NF)","8"
"Balanced Salt Opth. Soln","7"
"Orabase Dental Paste","7"
"valproic","7"
"Morphine Sulfate (Immediate Release)","7"
"Meperidine HCl","7"
"Cephalexin ","7"
"asa","7"
"ChlorproPAMIDE","7"
"Humulin N","7"
"triaz","7"
"Delavirdine Mesylate","7"
"Sensipar","7"
"*NF* Famciclovir","7"
"Mobic","7"
"Sulfame","7"
"*NF* Levalbuterol Soln","7"
"Procardia XL","7"
"Alteplase Recombinant","7"
"D12W","7"
"Nystatin-Triamcinolone Ointment","7"
"thera","7"
"Physostigmine Salicylate","7"
"Blistex Lip Ointment","7"
"Fluocinolone Acetonide 0.01% Solution","7"
"NEO*PO*Ca Glubionate 23mg Ca/ml","7"
"valpro","7"
"Clofarabine","7"
"Zebeta","7"
"Iodine Strong (Lugols)","7"
"Revatio","7"
"NEO*IV*Zidovudine","7"
"Kaopectate (bismuth subsalicy)","7"
"Sulfasalazine EC","7"
"Albuterol Sulfate (Extended Release)","7"
"Maprotiline HCl","7"
"Neomycin/Polymyxin/Dexameth Ophth Susp.","7"
"Aspirin (Rectal)","7"
"Regular Insulin","7"
"Docusa","7"
"sodiu","7"
"Penicillin G Benzathine","7"
"Estraderm","7"
"CONCERTA","7"
"Midrin","7"
"Mebaral","7"
"ProAir HFA","7"
"NEO*PO*Acetazolamide (10mg/1ml)","7"
"Nevirapine Suspension","7"
"Propranolol Oral Solution","7"
"SUTENT","7"
"Pyridostigmine Bromide Syrup","7"
"Rivaroxaban","7"
"CefTAZidime Desensitization","7"
"Gentamicin Intraventricular","7"
"Amikacin Inhalation","7"
"imatinib","7"
"Imatinib Oral Suspension","7"
"nystat","7"
"Gamunex","7"
"Docusate Sodi","7"
"Mycophenolate Mofetil (Self Med)","7"
"Humalog Mix 75-25","7"
"Deferoxamine (DFO) *IND*","7"
"Morphine Sulfate For Inhalation","7"
"Requip XL","7"
"Buprenorphine","7"
"BENDAmustine","7"
"Rasagiline","7"
"Defibrotide (*IND*)","7"
"Aztreonam  Desensitization ","7"
"Amprenavir","6"
"Atorvastatin study drug","6"
"Lotrel","6"
"Roxanol","6"
"Triamcinolone 0.1% Ointment","6"
"dival","6"
"valp","6"
"Naphazoline 0.1% Ophth","6"
"AZILECT","6"
"Carbamazepine ER","6"
"Mitomycin","6"
"Carafate","6"
"Mumps Skin Test","6"
"BACTR","6"
"Ergocalciferol","6"
"Terbutaline Sulfate","6"
"Chloramphenicol Na Succ","6"
"Sulfameth","6"
"*NF* Interferon Alfacon-1","6"
"Lithium ","6"
"Lescol XL","6"
"cilo","6"
"Azacitidine","6"
"Ketorolac Tromethamine","6"
"Tamiflu","6"
"Tasmar","6"
"BENICAR HCT","6"
"Methenamine Mandelate","6"
"NEO*PO*Midazolam","6"
"Alum-Mag Hydroxide-Simethicone","6"
"diltiaz","6"
"Tolcapone","6"
"Insulin Human 70/30","6"
"Afrin","6"
"Neomycin/Polymyxin B Sulfate","6"
"Ipratropium Bromide HFA","6"
"Tegaserod Hydrogen Maleate","6"
"Pergolide Mesylate","6"
"Clindamycin Phosphate","6"
"Tucks","6"
"Clomipramine HCl","6"
"diValpro","6"
"Novolog","6"
"Disulfiram","6"
"Procarbazine HCl","6"
"Zonalon","6"
"NEO*PO*Acetazolamide (20mg/1ml)","6"
"Interferon Alfa-2B","6"
"Lactaid","6"
"Carbidopa-Levodopa","6"
"Daunorubicin HCl","6"
"Enbrel","6"
"Tegretol XR","6"
"Doxil","6"
"Aciphex","6"
"*NF* Diltiazem SR","6"
"Betamethasone Valerate 0.1% Ointment","6"
"Divalproex","6"
"Neurontin","6"
"Tobramycin 0.3% Ophth Ointment","6"
"Albumin 25%","6"
"Antihemophilic Factor","6"
"dila","6"
"Levothyroxine","6"
"Streptokinase","6"
"Potassium Chloride ","6"
"1","6"
"Neo*PO*Carbamazepine 20mg/mL","6"
"Nevanac","6"
"Insulin Aspart *NF*","6"
"Imatinib ","6"
"Mechlorethamine","6"
"Meloxicam","6"
"Isosorbide Dinitrate ER","6"
"Dexamet","6"
"*NF* Bicalutamide","6"
"*NF* Erlotinib","6"
"MethylPREDNISolone Sod Succ ","6"
"Mirapex ER","6"
"Dexamethasone ","6"
"metroNIDAZOLE Desensitization","6"
"Nysta","6"
"Fluconazole Desensitization","6"
"Butalbital-Acetaminophen-Caff","6"
"Silibinin (*IND*)","6"
"zinc oxide","5"
"Vivelle-Dot","5"
"Kaletra","5"
"Albumin 5% (","5"
"NEO*IM*Haemophilus B Conjugate","5"
"fluticasone","5"
"NEO*PO*Hydrocortisone Sod Succinate","5"
"Glycerin","5"
"Carbamide Peroxide","5"
"Bimatoprost (Lumigan)","5"
"Zetia","5"
"Colestipol","5"
"Betoptic S","5"
"dilantin","5"
"guai","5"
"Rocuronium Bromide","5"
"Nitazoxanide","5"
"Patient Specific Narc Drip","5"
"Glyburide/Metformin (1.25mg-250mg)","5"
"Clobetasol Propionate","5"
"Collagenase","5"
"Memantine HCl","5"
"Insulin NPH Human Recomb","5"
"*nf","5"
"bismuth subsalicy","5"
"NS  W/  0.1% Albumin","5"
"Gatifloxacin","5"
"Phenobarbital-Belladonna Alk","5"
"Pramoxine","5"
"Dipivefrin HCl 0.1% ","5"
"nifed","5"
"Carteolol 1% Ophth Soln","5"
"Tacroli","5"
"Spiriva with HandiHaler","5"
"Dakins","5"
"*NF* Collagenase Oint","5"
"EpiPen","5"
"ther","5"
"Lidoderm","5"
"Yasmin 28","5"
"Pulmicort Turbuhaler","5"
"Hepari","5"
"Neomycin-Polymyxin-Dexameth Ophth. Oint","5"
"Molindone HCl","5"
"Aranesp","5"
"Ethyl Chloride","5"
"XIBROM","5"
"Rhinocort","5"
"Altace","5"
"Prograf Suspension","5"
"Belladonna & Opium","5"
"Dutasteride","5"
"Rhinocort Aqua","5"
"Erythromycin Ethylsuccinate","5"
"Bosentan","5"
"NEO*PO*Propranolol","5"
"Amoxapine","5"
"hep","5"
"Darvocet-N 100","5"
"timolol","5"
"NEO*IV*Tobramycin Sulfate","5"
"Colestid","5"
"Morphine Sulfate (PF)","5"
"prednisolone acetate","5"
"Baclofen Intrathecal","5"
"Avodart (dutasteride)","5"
"Acular LS","5"
"Porfimer Sodium","5"
"Cetuximab","5"
"Insulin Regular Human","5"
"Nystatin Oral","5"
"Xalatan","5"
"Metipranolol","5"
"valium","5"
"Lodosyn","5"
"Hydrocodone-Acetaminophen (5mg-500mg)","5"
"Influenza A (H1N1) Vaccine","5"
"Omnipred","5"
"Zarontin","5"
"Neut","5"
"Calcium Chloride Oral Soln","5"
"Ureacin-20","5"
"Terconazole 80mg Vag. Supp","5"
"Fluconazole (Self Med)","5"
"Pulmicort Flexhaler","5"
"Ephedrine","5"
"Erlotinib (Tarceva)","5"
"ValGANCIclovi","5"
"Tretinoin 0.025% Cream","5"
"Dexametha","5"
"Dexa","5"
"Gentamicin 0.1% Cream","5"
"Gentamicin 0.3% Ophth. Ointment","5"
"Liposomal Cytarabine (Depocyt)","5"
"Torsemide ","5"
"Dexame","5"
"Oxaliplatin Desensitization","5"
"Lidocaine 2%/Epi 1:100,000","5"
"Levoleucovorin","5"
"Dexamethas","5"
"Maraviroc","5"
"Acetami","4"
"Ipratropium ","4"
"Systane","4"
"Sulfamylon","4"
"Levobunolol Hcl 0.25%","4"
"guaif","4"
"Theophylline ","4"
"SPRYCEL","4"
"Nitrofurantoin Macrocrystal","4"
"Sulfamethoxazole/Trimethoprim","4"
"Proplex T","4"
"Plan B","4"
"Renagel","4"
"NEO*PO*Digoxin Elixer","4"
"Cyanide Antidote","4"
"Florastor","4"
"Galantamine Hydrobromide","4"
"Bactroban","4"
"Phenylephrine 2.5 %","4"
"levo","4"
"Irinotecan HCl","4"
"Calcipotriene 0.005% Oint","4"
"Cladribine","4"
"*NF* Moxifloxacin","4"
"Amylase/Lipase/Protease","4"
"Papaverine HCl","4"
"Excedrin Migraine","4"
"Trisodium Citrate 4% Replacement Soln","4"
"Humulin 70/30","4"
"Lactobacillus Acidophilus","4"
"*NF* Nafcillin Sodium","4"
"Fondaparinux","4"
"percocet","4"
"Cytarabine Liposome","4"
"Digoxin Elixer","4"
"Sulfa","4"
"Piperacillin Sodium","4"
"SulfaSALAzine DR","4"
"Singulair","4"
"Elmiron","4"
"Triethanolamine Solution","4"
"FiberCon","4"
"progesterone micronized","4"
"NEO*PO*Cephalexin Suspension","4"
"Provera","4"
"Detrol LA","4"
"Crestor","4"
"Azacitidine (Subcut)","4"
"Diprosone","4"
"Sodium Citrate","4"
"VALPR","4"
"Glycerin 50%","4"
"Doxycycline Hyclate (Bulk)","4"
"dil","4"
"dilan","4"
"Formoterol Fumarate","4"
"cil","4"
"TISSEEL/FS VH SD","4"
"Glucovance (1.25mg-250mg)","4"
"Truvada","4"
"Camphor-Menthol","4"
"HEParin (Porcine) in NS (PF)","4"
"Emtriva","4"
"Orap","4"
"<IND> Drotrecogin Alfa Study Drug","4"
"Sudafed","4"
"Vinblastine Sulfate","4"
"Sulfamet","4"
"Tretinoin (Chemotherapy)","4"
"Povidone Iodine 10% Ointment","4"
"Belatacept Study Drug (*IND*)","4"
"Forteo","4"
"Pralidoxime Chloride","4"
"Sulfacetamide-Prednisolone Ophth. Susp.","4"
"Triamcinolone Acetonide","4"
"Insulin ","4"
"Aminocaproic ","4"
"Bupivacaine","4"
"Betaxolol","4"
"Aveeno Colloidal","4"
"Water","4"
"Ampicillin Sodium/Sulbactam","4"
"pota","4"
"Budesonide (Nasal)","4"
"Fluphenazine Decanoate","4"
"Potassium","4"
"Vancomycin Intraventricular","4"
"B-50","4"
"Ropinirole Hydrochloride","4"
"Riluzole","4"
"Temodar","4"
"Fosamprenavir Calcium","4"
"Chloroquine","4"
"neutr","4"
"Aspirin 81 mg /placebo","4"
"Micro-K","4"
"Polyvinyl Alcohol-Povidone","4"
"TISSEEL vs. FS VH SD","4"
"*NF* Timentin","4"
"Bupivacaine 0.50%-Epinephrine","4"
"Mycophenolate Sodium","4"
"Sodium Chloride (Hypertonic)","4"
"Prozac","4"
"ticagrelor","4"
"Metoprolol ","4"
"Olanzapi","4"
"Insulin Reg Human (NovoLIN R)","4"
"Sitagliptin","4"
"Quetiapine","4"
"Tylenol-Codeine #3","4"
"Zaditor","4"
"Ammonium Lactate","4"
"Dexrazoxane","4"
"desvenlafaxine","4"
"*NF* Sunitinib","4"
"Sunitinib","4"
"Trimethobenzamide","4"
"250 mL Bottle","4"
"6 Syringes (NS)","4"
"Docusate Sod","4"
"nia","4"
"Zanamivir (*IND*)","4"
"Zanamivir","4"
"*NF* Ceftaroline","4"
"Neutra","4"
"Clofarabine  *IND*","4"
"potassium citrate","4"
"Caspofungin *NF*","4"
"Neoral Study Med (*IND*)","4"
"Neoral capules","4"
"Docus","4"
"Bystolic","4"
"Lithium Oral Solution","4"
"ValGANCIclo","4"
"exemestane","4"
"Docusate S","4"
"Tacro","4"
"Tropicamide 0.5% Ophth Soln","4"
"Dilaudid","4"
"Humalog 75/25 Pen","4"
"epi","4"
"Gentamicin 0.3% Ophth. Soln","4"
"Lunesta","4"
"Sanctura XR","4"
"Istalol","4"
"Rabies Vaccine","4"
"Cimetidine HCl","4"
"Depakote","4"
"Stalevo 150","4"
"Raltegravir 400mg tablet","4"
"Darunavir 600mg tablet","4"
"Etravirine 100mg tablet","4"
"Tacrolimus ","4"
"Propofol (Diprivan)","3"
"ALBU","3"
"Morphine Sulfate (2-6mg)","3"
"Hyaluronidase","3"
"Abilify","3"
"Levobunolol","3"
"NEO*IV*Hydrocortisone (10mg/mL)","3"
"Lutein","3"
"Prempro","3"
"Sonata","3"
"Iopanoic Acid","3"
"alb","3"
"Heparin (Porcine)","3"
"Clonidine TTS","3"
"Tetanus Toxoid Adsorbed","3"
"Hemabate","3"
"Naphazoline-Antazoline","3"
"Megestr","3"
"Bacitracin  ","3"
"Geodon","3"
"Foltx","3"
"Kayexalate","3"
"*NF* Niacin","3"
"Diphenoxylate HCl/Atrop Sulf","3"
"Tolnaftate 1% Cream","3"
"Benzoyl Peroxide","3"
"Morphine Sulfate (1-5mg)","3"
"Amphotericin B Oral Solution","3"
"Prevacid","3"
"Protopic","3"
"bact","3"
"Urocit-K 10","3"
"valproi","3"
"Peppermint ","3"
"*NF* Benzoyl Peroxide 5% Wash","3"
"Hepa","3"
"L-Hyoscyamine SL","3"
"calcium","3"
"D5W W 0.2% Albumin","3"
"Critic-Aid Clear AF","3"
"Saquinavir (Fortovase)","3"
"Silver Sulfadiazine","3"
"Nasacort","3"
"Neo*PO*Azithromycin","3"
"acet","3"
"Sinemet","3"
"Vytorin 10-40","3"
"Insulin Lispro 75/25","3"
"*NF* Triazolam","3"
"Avonex","3"
"Colestipol HCl","3"
"Varicella Virus Vaccine","3"
"Cefazolin Ophthalmic Solution","3"
"Corticotropin Gel","3"
"Wellbutrin XL","3"
"*NF* Rocuronium Bromide","3"
"DAUNOrubicin Citrate Liposomal","3"
"Codeine","3"
"Calcium Acetate/Al Sulfate","3"
"triazol","3"
"Acetaminophen ","3"
"Lac-Hydrin","3"
"Voltaren-XR","3"
"NEO*PO*Furosemide (10mg/1ml)","3"
"Imodium A-D *NF*","3"
"Digoxin Elixir","3"
"ARTIFI","3"
"NEO*IM*Penicillin G Benzathine","3"
"Fioricet","3"
"Tarceva","3"
"Cetacaine","3"
"Lidocain","3"
"Megestro","3"
"Glatiramer","3"
"Donepezil 5 mg or Placebo","3"
"Mupirocin 2% Cream","3"
"Divalproex ","3"
"Uniphyl","3"
"NEO*PO*Chloral Hydrate","3"
"NEO*IV*Erythromycin","3"
"Neo*IV*Hyaluronidase (Ovine)","3"
"Factor IX Complex","3"
"Critic-Aid","3"
"Sulfameth/Trimetho","3"
"Zovirax","3"
"Unifiber","3"
"Carrington Dermal Wound","3"
"Vivelle","3"
"Methylene ","3"
"Lanoxicaps","3"
"Advicor","3"
"Atenolol-Chlorthalidone","3"
"Bupivacaine 0.75%","3"
"Leuprolide Acetate (3 Month)","3"
"Indigotindisulfonate Sodium","3"
"Norethindrone-Estradiol","3"
"Fosinopril Sodium","3"
"Phenytoi","3"
"Xylocaine","3"
"Paromomycin","3"
"sodi","3"
"Buprenorphine HCl","3"
"Mupirocin","3"
"Clobetasol Propionate 0.05% Gel","3"
"Insulin - Sliding Scale","3"
"Aptivus","3"
"Thiotepa","3"
"Neo-Synephrine","3"
"Humulin-R Insulin (U-500)","3"
"K-Dur","3"
"Revatio (sildenafil)","3"
"*NF* Tobramycin Soln","3"
"DHEA","3"
"levsin","3"
"Short Chain Fatty Acid Enema","3"
"Cymbalta","3"
"Peppermint Spirit","3"
"Ear Wax Drops","3"
"Loperamide Oral Solution","3"
"Xeloda","3"
"Requip","3"
"REVLIMID","3"
"Miconazole Nitrate (Dual-pak)","3"
"Dextromethorphan Polistirex","3"
"Octagam","3"
"lans","3"
"Gengraf","3"
"Ovcon-35","3"
"Risedronate Sodium","3"
"Econopred Plus","3"
"Lactinex","3"
"VITAMIN K1","3"
"Choline Magnesium Trisalicylate","3"
"Neo*PO*Gentian Violet 0.25 %","3"
"Darifenacin","3"
"Polyethylene Glycol 3350","3"
"Antihemophilic Factor (Recombinant)","3"
"as","3"
"Polyvinyl Alcohol","3"
"LIDODERM PATCHES 5%","3"
"Oxandrin","3"
"*NF* Cyclosporine","3"
"cellcept","3"
"Trizivir","3"
"TISSEEL/ FS VH SD","3"
"ValGANCI","3"
"Guanfacine","3"
"Aspirin 325 mg or placebo","3"
"Zofran ODT","3"
"Acidophilus","3"
"Isosorbide ER","3"
"Amphetamine-Dextroamphetamine","3"
"Zyflo","3"
"Trientine HCl","3"
"Etidronate Disodium","3"
"scopolamine base","3"
"Vagifem","3"
"*NF* Sodium Chloride 5% (Hypertonic)","3"
"Castor Oil","3"
"Aminocaproic Acid 25 % Oral Rinse","3"
"Aminocaproic Acid Oral Rinse","3"
"Efudex","3"
"Indomethacin XR","3"
"darbepoetin alfa in polysorbat","3"
"Biaxin","3"
"HYDROmorphone PCA (Dilaudid)","3"
"levothy","3"
"Zyflo CR","3"
"Mucinex DM","3"
"Corn Starch (Bulk)","3"
"Insulin Human Regular (Dilute)","3"
"Varicella Zoster Immune Glob","3"
"Pantoprazole (Self Med)","3"
"Sulfameth/Trimeth SS (Self Med)","3"
"PredniSONE (Self Med)","3"
"Varenicline","3"
"Evoxac","3"
"Ocuvite","3"
"Terbinafine","3"
"Ethosuximide","3"
"Testosterone 4 mg Patch","3"
"Romiplostim","3"
"Verapa","3"
"Imipenem-Cilastatin *NF*","3"
"Niac","3"
"Tenecteplase","3"
"Isosorbide Mononitra","3"
"Calcium Gluconate Replacement (Critical Care and Oncology)","3"
"Stalevo 100","3"
"Latuda","3"
"Coal Tar 3% Shampoo","3"
"dorzolamide","3"
"Zenpep","3"
"Influenza Virus Vaccine *Latex Free*","3"
"Multaq","3"
"nepafenac","3"
"valproic acid (as sodium salt)","3"
"Pemetrexed","3"
"Urelle","3"
"Botox","3"
"ValGANCIclovir Oral Solution","3"
"Prograf","3"
"*NF* Levalbuterol Neb","3"
"Pimecrolimus","3"
"Isosorbide Mononitr","3"
"Cinryze (C1 estrase inhibitor)","3"
"Mephobarbital","3"
"MENINGOcoccal Poly Vaccine (Menomune)","3"
"Thera Tears","3"
"sorafenib","3"
"Pristiq","3"
"ValGANCIcl","3"
"Azelastine","3"
"Dextran 40 10% in D5W","3"
"triamterene-hydrochlorothiazid","3"
"Quetiapine Oral Suspension","3"
"Exjade","3"
"Phos","3"
"Pregabalin Oral Solution","3"
"Kytril","3"
"roflumilast","3"
"PreserVision AREDS","3"
"degarelix","3"
"cefadroxil","3"
"Amnesteem","3"
"bisop","3"
"*NF* Butorphanol Tart. Nasal","3"
"mege","2"
"NEOMYCIN_POLYMYXIN_BACITRACIN","2"
"viok","2"
"Diprivan","2"
"Urea-C40","2"
"ALBUM","2"
"Papain-Urea","2"
"Methadone (Dispersible Tablet)","2"
"Povidone Iodine","2"
"Calcium Citrate","2"
"econazole","2"
"Albumin 5% (12.5g)","2"
"NEO*IM*Dt & Acellular Pertussis","2"
"Avonex Administration Pack","2"
"Clarinex","2"
"Gemcitabine HCl","2"
"Potassium Chl","2"
"Mivacurium Chloride","2"
"Kaolin","2"
"Mevacor","2"
"Loteprednol Etabonate","2"
"Ergotamine-Caffeine","2"
"Sulfameth/Trimethopri","2"
"Losartan","2"
"SYNAREL","2"
"Epinephrine-Sodium Chloride","2"
"Doxorubicin HCl Liposomal","2"
"Glucosamine","2"
"Pred Forte","2"
"SYMLIN","2"
"artif","2"
"Niacin ","2"
"Hydrocortisone Sod Succinate","2"
"GLARGINE","2"
"Gabapentin (Liquid)","2"
"hyosc","2"
"Erythromycin Base","2"
"Vancomycin ","2"
"Epinephrin","2"
"Lithium","2"
"cortisporin","2"
"Miacalcin","2"
"Miconazole Nitrate 2% Vaginal Cream","2"
"Alrex","2"
"*nf* Loteprednol 0.5% ophth","2"
"depak","2"
"Methad","2"
"BRINZOLAMIDE (Azopt)","2"
"Proprano","2"
"~<IND> Rituximab","2"
"Duragesic","2"
"Defibrotide <IND>","2"
"Morphine Sulfate (4-8mg)","2"
"Xenaderm","2"
"robit","2"
"Rosuvastatin","2"
"Malarone","2"
"Mycophenolate","2"
"*NF* Nifedipine XL","2"
"PROPOFOL (*GENERIC*)","2"
"Prosom ","2"
"Cefuroxime","2"
"Aralast","2"
"micon","2"
"Betamethasone Acet & Sod Phos","2"
"Cortisporin Otic Susp","2"
"Apidra","2"
"hyo","2"
"Methadon","2"
"acetylc","2"
"Akwa Tears","2"
"*NF* Fenofibrate","2"
"Pramosone","2"
"Vytorin 10/20","2"
"ganciclovir 500 mgor placebo  cap","2"
"maribavir 100 mg or placebo tab","2"
"acyclovir 400 mg or placebo","2"
"Zaroxolyn","2"
"Neo*IV*MetronidAZOLE","2"
"vitamin","2"
"Calcium Citrate + Vit D","2"
"Cidofovir 0.25% Oral Soln","2"
"bactri","2"
"Sulfacetamide-Prednisolone Ophth. Oint.","2"
"Megestrol Oral Soln","2"
"Dermagran Ointment","2"
"methylphenidate SR ","2"
"Ofloxacin (Ophth)","2"
"Epin","2"
"Doxycycline Hyclate (Periostat)","2"
"valgan","2"
"Zemuron","2"
"Syringe (Neonatal) *D7.5W*","2"
"*NF*ESOMEPRAZOLE ","2"
"Acetamin","2"
"Dilantin Infatabs","2"
"Epzicom","2"
"Secretin","2"
"D30W","2"
"CGT003-03 E2F Decoy","2"
"*NF* Miralax","2"
"IRESSA","2"
"Inamrinone Lactate","2"
"eryth","2"
"Sulfacetamide 10% Ophth. Oint.","2"
"CVVH","2"
"Papain","2"
"Acetic Acid 0.125% Irrig. Soln","2"
"gua","2"
"*NF* Pramipexole","2"
"lidoca","2"
"NEO*PO*Folic Acid","2"
"mucin","2"
"*NF* Valsartan","2"
"anusol","2"
"Cosopt","2"
"Dolasetron Mesylate I.V.","2"
"Vancomycin fortified opthalmic","2"
"Yodoxin","2"
"Unoprostone Isopropyl","2"
"charc","2"
"Emend","2"
"sod","2"
"ESCITALOPRAM","2"
"Epogen","2"
"Acetaminophe","2"
"Diphenhydramine (Benadryl) cream","2"
"Humulin","2"
"*NF* Tacrolimus 0.1% Ointment","2"
"cepacol","2"
"Aldara","2"
"Centrum","2"
"*NF* Imiglucerase","2"
"Tenofovir Disoproxil Fumarate","2"
"Neo*PO*Vitamin E TPGS 26.7 Unit/ml","2"
"TOBRAM","2"
"Elidel","2"
"Doc","2"
"Lactaid Fast Act","2"
"Silver Nitrate","2"
"Insulin Regular Pork (Iletin II)","2"
"Everolimus","2"
"Zocor","2"
"PreserVision","2"
"Liotrix-1","2"
"sodium bicarbo","2"
"Ditropan XL","2"
"Levoth","2"
"*NF* Pregabalin","2"
"*NF* Enfuvirtide","2"
"prednis","2"
"M","2"
"Diltiazem ","2"
"Beclomethasone ","2"
"imiquimod","2"
"Terconazole 0.4% Vag. Cream","2"
"Meningococcal Vac A,C,Y,W-135","2"
"Aminocaproic Acid 25% Oral Rinse","2"
"*NF* VYTONE CREAM","2"
"*NF* Lidocaine Patch 5%","2"
"MetronidAZOLE Oral Suspension","2"
"sodium citrate-citric acid","2"
"*NF* Valacyclovir","2"
"albuter","2"
"Teriparatide","2"
"estrogen/medroxyprogestrone","2"
"Sanctura","2"
"Prismasate (Ca 3.5)","2"
"clobetisol propionate ointment ","2"
"LANSOPR","2"
"Revatio (sildenafil citrate)","2"
"Tracleer","2"
"Parecoxib/Placebo","2"
"Tol","2"
"Concerta 18mg","2"
"VITAMIN K*NEO","2"
"Aromasin (exemestane)","2"
"Axert(almotriptan)","2"
"Questran","2"
"*NF* TIMOLOL  HEMIHYDRATE (BETIMOL)","2"
"Betimol","2"
"Ocuflox","2"
"Neomycin-Polymyxin-Gramicidin","2"
"Novomix 30","2"
"Miconazole ","2"
"NITROPRUSSIDE","2"
"*NF* Rocuronium","2"
"Benazepril HCl","2"
"glucoph","2"
"Flovent","2"
"Vitamin B-6","2"
"Demeclocycline HCl","2"
"Tyvaso","2"
"Pegasys","2"
"Iodosorb","2"
"Adcirca","2"
"Didanosine","2"
"Amphotericin B Lipo. (Ambisome)","2"
"ACETAM","2"
"Magnesium ","2"
"Magnesium","2"
"Ceftaroline","2"
"Acetylcysteine ","2"
"*NF BRINZOLAMIDE (AZOPT)","2"
"glyco","2"
"Synarel nasal spray","2"
"Thymoglobulin (IND)","2"
"Amicar Solution ","2"
"Lipram-PN20","2"
"Megace Oral","2"
"Thiopental Sodium","2"
"Rocaltrol","2"
"Zemplar","2"
"Artificial Saliva","2"
"Nitroglycerin ","2"
"Lansop","2"
"Revia","2"
"artificial","2"
"Montelukast","2"
"Prismasate (K 2)","2"
"Cartia XT","2"
"Hectorol","2"
"albumi","2"
"B Complex Vitamins","2"
"Vexol","2"
"INSULIN ULTRALENTE","2"
"AcetaZOLamide S.R.","2"
"Anagrelide HCl","2"
"Activated","2"
"ATROVENT","2"
"HKI-272","2"
"sodium b","2"
"Avalide","2"
"Dilantin Extended","2"
"Maxair Autohaler","2"
"Ear Wax Removal Drops","2"
"*NF* Argatroban","2"
"Ipratropium Bromide ","2"
"Folplex 2.2","2"
"Lidocaine jel","2"
"Phenylephrine HCl 1%","2"
"Carboprost Tromethamine","2"
"Ethiodol","2"
"Acetic Acid Otic","2"
"NEO*PO*Phenobarbital","2"
"NEO*PO* Leucovorin (10mg/ml-10ml )","2"
"Tolvaptan / Placebo","2"
"albute","2"
"Aggrastat","2"
"Orthopedic Solution","2"
"*NF* Levocarnitine","2"
"ASA81","2"
"~<IND> Ketamine/Placebo Study Drug","2"
"Homatropine HBr","2"
"lacrilube","2"
"med name problem","2"
"Vinorelbine","2"
"Hyzaar(Losartan/HCTZ)","2"
"Levonorgestrel","2"
"Bupivacaine ","2"
"NEO*PO*Bicitra","2"
"Belladonna-Opium","2"
"Azmacort","2"
"lidoc","2"
"Fulvestrant","2"
"Methylene","2"
"Adenosine (Diagnostic)","2"
"prednisol","2"
"Ibup","2"
"Vitamin C","2"
"Estratest H.S.","2"
"Proplex","2"
"Factor 9 Complex","2"
"Morphin","2"
"*NF* Novolog","2"
"Lipram-PN16","2"
"Solifenacin","2"
"Catapres","2"
"Ambien CR","2"
"NuvaRing","2"
"Ace","2"
"Glucosamine-Chondroitin","2"
"char","2"
"Lidocaine 1%/Epi 1::100,000","2"
"Bottle, Glass","2"
"*NF* Beclomethasone Dipro 80 mcg Inh","2"
"Cyclosporine Modified","2"
"rizatriptan","2"
"Ortho Tri-Cyclen (28)","2"
"Budesonide ","2"
"Tylenol MELTAWAYS","2"
"Byetta (exenatide)","2"
"ValGANCIclovir (Self Med)","2"
"Aricept","2"
"Metoprolo","2"
"Simvastatin or Placebo (*IND*)","2"
"cilostaz","2"
"Pramoxine-Menthol-Petrolatum","2"
"Uro-Mag","2"
"Erlotinib","2"
"Acetic Acid 0.04% Soln","2"
"Acetic Acid Glacial 0.04%","2"
"Halobetasol Propionate","2"
"Bevacizumab","2"
"Acyclovir suspension","2"
"Preservision (lutein, vit c, vit e, zinc, copper)","2"
"Isordil","2"
"Mometasone","2"
"Isosorbide Mono","2"
"Potassium ","2"
"Niaci","2"
"Cocaine 4% Soln","2"
"Tetracaine HCl","2"
"Humalog KwikPen","2"
"Simvastin or Placebo","2"
"Betamethasone Dipro 0.05% Augmented Gel","2"
"Bisaco","2"
"ValGANCIc","2"
"Humira","2"
"ond","2"
"Vancocin","2"
"Feraheme","2"
"Mirapex ER(pramipexole)","2"
"Neoral *Study Medication*","2"
"Neoral* Study Medication*","2"
"Tegretol","2"
"Tretinoin 0.05% Cream","2"
"sodium chlor","2"
"Ascorbate Sodium","2"
"Azor","2"
"Insulin Aspart","2"
"Pancreaze","2"
"BuPR","2"
"predn","2"
"Agrylin (anagrelide) 0.5mg CAP","2"
"Sodium Chloride 0.9 % or No Intervention","2"
"Durezol 0.05% drops","2"
"Cefpodo","2"
"Acidophilus-B.bifidum-B.longum","2"
"Janumet","2"
"AmLactin","2"
"Zytiga","2"
"Menomune - A/C/Y/W-135","2"
"Nys","2"
"Nicoti","2"
"Insulin Humalog 75/25 Pen","2"
"Aranesp (polysorbate)","2"
"Carbamazep","2"
"norethindrone acetate","2"
"Culturelle","2"
"Dextran 40 10% in NS","2"
"Levemir Flexpen","2"
"Lialda","2"
"Ketamin","2"
"Zithromax Z-Pak","2"
"Nyst","2"
"alfuzosin","2"
"*NF* Estraderm","2"
"Tranexamic Acid","2"
"Uloric","2"
"Flunisolide Inhaler","2"
"FoLIC","2"
"Avodart  0.5MG","2"
"Prelone","2"
"octreotide LAR 10mg depot","2"
"EPINEPHrine Auto Injector","2"
"Lidocaine Viscous","2"
"betamethasone","2"
"lapatinib","2"
"Loraze","2"
"Citracal + D","2"
"Nicot","2"
"Hydromorphone (Rectal)","2"
"Travoprost (Benzalkonium)","2"
"QUALAQUIN","2"
"Renacidin","2"
"L-Carnitine","2"
"Fluorescein","2"
"Claravis","2"
"Oxymorphone","2"
"Polyethylene Glycol 400 (Bulk)","2"
"Oxymorphone HCl","2"
"Trilipix","2"
"fluoxymesterone","2"
"Insulin Levemir","2"
"Tretinoin ","2"
"Calan SR","2"
"balsa","2"
"metyrapone","2"
"CycloSPORINE ","2"
"Phospha 250 Neutral","2"
"BuPROP","2"
"Estroven Maximum Strength","2"
"Econazole 1% Cream","2"
"amlodipine-benazepril","2"
"atomoxetine","2"
"Xanax","2"
"Lasix","2"
"Avandia","2"
"Botulinum Toxin Type A","2"
"Symbicort 160-4.5","2"
"Acetaminop","2"
"isos","2"
"Olopatadine","2"
"Soriatane CK","2"
"Dulera (mometasone-formoterol) 200-5mcg/actuation","2"
"Propoxyphene","2"
"Influenza Virus","2"
"menthol (Icy Hot Patch)","2"
"Amerge","2"
"Zantac Maximum Strength","2"
"Granisetron HCl","2"
"HYDROmorphone Solution","2"
"Clofarabine or Placebo (*IND*)","2"
"Glucagon Emergency","2"
"mucine","2"
"Rabies Immune Globulin","2"
"MENINGOcoccal Conj Vaccine (Menomune)","2"
"Milk Thistle Extract","2"
"Meperi","2"
"Synthroid","2"
"Milk Thistle","2"
"Code EPA/DHA 26 Study Med","2"
"fidaxomicin","2"
"Viibryd","2"
"Vytorin 10-20","2"
"Cefuroxime Axetil","2"
"Valproic acid (Depakene brand)","2"
"Zirgan","2"
"Brilinta","2"
"LaMICtal XR","2"
"Relpax","2"
"Saccharomyces BOULARDII","2"
"Nexium 40mg capsules","2"
"ERY","1"
"*NF* Nitroglycerin Ointment","1"
"LoCholest Light (Cholestyramine)","1"
"LoCholest Light","1"
"Morphine Sulfate (2-5mg)","1"
"Urocit-K 5 (Potassium Citrate)","1"
"Mebendazole","1"
"Chromium Picolinate","1"
"*NF* Mycophenolate Sodium","1"
"*NF* Dornase Alfa Inh. Soln.","1"
"SURGIFOAM","1"
"Surgicel","1"
"Metformin HCl","1"
"*NF* Salmeterol-Fluticasone","1"
"NEO*IV*Hydralazine","1"
"Remifentanil HCl","1"
"mega","1"
"Povidone Iodine 1/8 Strength","1"
"Varicella-Zoster Imm Globulin","1"
"darbopoetin (aranesp)","1"
"Lactate Based CVVH Solution","1"
"Capt","1"
"*NF* Pediatric Vitamins ADC","1"
"Nicotrol","1"
"*NF* Iopanoic Acid","1"
"BTL","1"
"Bimatoprost  (LUMIGAN)","1"
"rocuro","1"
"Morphine Su","1"
"Plan B(levonorgestrel)","1"
"loper","1"
"Phenylephrine  0.05% Nasal Spray","1"
"poly","1"
"dilantin ","1"
"Lidocaine Jelly ","1"
"Boniva","1"
"Urispas (flavoate HCL)","1"
"Cystospaz","1"
"Effexor XR","1"
"*NF* DOMPERIDON","1"
"CycloSPORINE Modified (Eon Labs)","1"
"Prochlorperazine Edisylate","1"
"Levbid","1"
"DDAVP","1"
"Nystatin (Topical)","1"
"Zinc","1"
"Lipram-CR5","1"
"*nf*  Loteprednol 0.2% ophth","1"
"Viracept","1"
"Pneumococcal 23-Val P-Sac Vac","1"
"Interferon Alfa 2A (INFERGEN)","1"
"Flora-Q","1"
"*NF* Alemtuzumab","1"
"Clonidine T","1"
"econ","1"
"IMMODIUM","1"
"MICRONEFRIN","1"
"tr","1"
"tria","1"
"*NF* Irbesartan","1"
"HCRF","1"
"Atorvastatin Study Med","1"
"Theophylline (Time Release)","1"
"Alum Ammonium","1"
"CARMOL 40","1"
"Uroqid-Acid No.2","1"
"~ <IND> Defibrotide","1"
"Dexamethasone Sod Phos Ophth","1"
"polysporin","1"
"moxifloxacin ","1"
"Nicoderm CQ","1"
"Moxifloxacin HCl","1"
"LEXIPRO","1"
"esomeprazole","1"
"Tuckables Pad","1"
"Zomig","1"
"PER","1"
"Dilti","1"
"K-Lor","1"
"Desmoteplase Study Drug (*IND*)","1"
"olmesartan/hydrochlorothiazide","1"
"Cholecalciferol (Vitamin D3)","1"
"Folic ","1"
"Blue-Green Algae (Spirulina)","1"
"Budesonide (Pulmicort)","1"
"Mometasone furoate (Nasonex)","1"
"Lansoprazole ","1"
"Lacri-Lube","1"
"Apri","1"
"Insulin Aspart *NF* (for Insulin PUMP)","1"
"Aloe Vesta 2-n-1 Skin Cond","1"
"Plasmanate","1"
"basis soap","1"
"Pulmicort neb","1"
"NEO*IV*Levothyroxine","1"
"Pulmicort respules","1"
"FEMHRT ","1"
"Oxandrolone (Oxandrin)","1"
"Toprol XL","1"
"Betimol (timolol hemihydrate)","1"
"H","1"
"Peppermi","1"
"Carbachol","1"
"Mann","1"
"Progesterone","1"
"xal","1"
"oxymeta","1"
"morph","1"
"Derma-Smoothe/FS Scalp Oil","1"
"Cetirizine-Pseudoephedrine","1"
"Clindamycin Solution","1"
"fluoc","1"
"nutra","1"
"cyclo","1"
"Humibid","1"
"Vigamox 0.5%","1"
"*NF* Quinine Sulfate","1"
"Amoxicillin-Clavulanate Susp","1"
"Eplerenone (INSPRA)","1"
"Unithroid","1"
"Klonopin","1"
"Isotretinoin","1"
"Simvastatin 40 mg or Placebo","1"
"Vytorin 10-80","1"
"Calcitonin Salmon Nasal","1"
"Gentamicin ","1"
"Gentamic","1"
" ","1"
"Testosterone 2.5","1"
"Testosterone ","1"
"Desmoteplase or Placebo","1"
"Abacavir","1"
"valproate","1"
"Nivea Skin","1"
"Acthar H.P.","1"
"VIOKAS","1"
"Guaifenesin DM table","1"
"Haloperidol  ","1"
"Bextra","1"
"Heparin lock","1"
"racemic epinephrine","1"
"*NF* Imatinib","1"
"Gleevec (imatinib mesylate)","1"
"Multivitamins ","1"
"Cardizem CD","1"
"dextrose 20 %","1"
"Bactrim SS","1"
"Diphenhydramine Liquid","1"
"Nitrofurantoin Suspension","1"
"mylanta","1"
"Tucks Pads","1"
"Sulfazine EC","1"
"Metamucil Smooth Texture","1"
"Glucosamine Chondroitin MaxStr","1"
"Paromomycin Sulfate","1"
"Rescula","1"
"Bosentan (Tracleer)","1"
"Carisoprodol (Soma)","1"
"URSO Forte","1"
"NF*GENTAMICIN SOP","1"
"Dextrose 2.5% in Water (D2.5W)","1"
"nif","1"
"GU","1"
"Lotemax*NF*","1"
"Mult5l","1"
"Insulin novolog","1"
"Fluocinolone 0.01% Solution","1"
"dexamethasone oral solution","1"
"Valacyclovir HCl","1"
"Clindamycin 1% Solution","1"
"Zonegran","1"
"LaMICtal (Brand Name)","1"
"Methenamine Hippurate","1"
"Erythromycin Topical Solution","1"
"Cidofovir 1% Topical Paste","1"
"*NF* Entacapone","1"
"URECHOLINE","1"
"Intralipid 10%","1"
"dorzolamide 2%","1"
"Aminocaproic Acid ","1"
"ESTRADIOL/NORETHINDR( Activella)","1"
"Risperidone (Disintergrating Tablet)","1"
"tobramycin in 0.225 % NaCl","1"
"*nfFloxin","1"
"Betimol ( Timolol )","1"
"Naloxo","1"
"Diovan HCT","1"
"Chloroprocaine 2% MPF","1"
"Sunol-cH36 Study Drug (*IND*)","1"
"Vancomycin ophthalmic solution","1"
"Vancomycin ophthalmic 50mg/ml","1"
"Tobramycin Fortified Ophth. 15mg/ml","1"
"Muco-Fen DM","1"
"Dostinex","1"
"Lidocaine 1% P","1"
"Lipram 4500","1"
"Biafine Emulsion","1"
"Mitotane","1"
"Lysodren","1"
"Preparation H Maximum Strength","1"
"Genta","1"
"gent","1"
"Nafcillin Sodium","1"
" Cabergoline     ( Dostinex)","1"
"Flunisolide","1"
"Mesala","1"
"fluocin","1"
"Betaxolol HCl","1"
"Docetaxel","1"
"nifer","1"
"iron","1"
"Scot-Tussin Expectorant","1"
"Fluocinolone 0.01% Cream","1"
"Remifentanil","1"
"Calcium ","1"
"propo","1"
"Bacitracin ","1"
"Foradil","1"
"Maxair","1"
"Beclomethasone Dipro. (Nasal)","1"
"GUAIFENISIN","1"
"iso","1"
"DIAZOXIDE ","1"
"Colesevelam (WelChol)","1"
"Renaphro","1"
"Naltrexone HCl","1"
"DEXT","1"
"Fentanyl ","1"
"Calciu","1"
"PILOCARPINE","1"
"sarna","1"
"Oxycodone HCl","1"
"Epsom Salt","1"
"magnesium oxide-Mg AA chelate","1"
"saliva substitution combo no.2","1"
"Mechlorethamine HCl","1"
"Caduet 5-80","1"
"Menthol-Cetylpyridinium Cl","1"
"guaifen","1"
"Liposyn II  20%","1"
"Digitek","1"
"Hydroxypropyl Meth. 2.5% Ophth","1"
"Kao","1"
"Wellbutrin SR","1"
"Magnesium Sulfate ","1"
"Aspirin Childrens","1"
"Florinef","1"
"D5W W/ 0.1% Albumin","1"
"D5W 0.1% Albumin","1"
"Prochlorperazine (Rectal)","1"
"Heparin Flu","1"
"*NF* Glycopyrrolate","1"
"Fentora","1"
"Actiq","1"
"Phenytoin chewtabs","1"
"bismu","1"
"sutent (sunitinib)","1"
"Tetanus","1"
"Interferon Beta-1b","1"
"*NF* Risedronate Sodium","1"
"CGT003-03 E2F Decoy ","1"
"GLIMEPIRIDE (AMARYL)","1"
"*NF* Digoxin (Lanoxicaps)","1"
"RHINOCORT NASAL INHALER","1"
"Alavert","1"
"Hyoscyamine ","1"
"Chlorambucil","1"
"Lidocaine Ointment 5%","1"
"Norflex","1"
"Endur-Acin","1"
"Osmoglyn","1"
"*NF* Paroxetine CR","1"
"Ferrous","1"
"Tylenol PM Extra Strength","1"
"Corzide","1"
"Campral","1"
"Chloroprocaine 2%","1"
"levocar","1"
"*NF* Urea","1"
"*NF* Ivermectin","1"
"Beconase AQ Nasal Spray","1"
"chlorzoxazone","1"
"Lumigan *NF*","1"
"albut","1"
"TMC114 600mg po BID","1"
"Ritonavir study med","1"
"TMC125 200mg/placebo po BID per Tibotec ","1"
"insul","1"
"NEO*SC*Epoetin Alfa","1"
"PENTASA","1"
"haemo","1"
"Azelastine HCl","1"
"Vaseline Lip Therapy","1"
"guaife","1"
"Epinephri","1"
"Amino Acids 3.5%","1"
"bis","1"
"Cipro HC","1"
"Triamcinolone Diacetate","1"
"Trace Minerals Cr-Cu-Mn-Se-Zn","1"
"*NF* Cefotaxime","1"
"Junel FE 1/20 (28)","1"
"Diovan/Hydrochlorthiazide","1"
"Cozaar","1"
"UNIP","1"
"Ethanol 70% Catheter Lock","1"
"Ethanol (Ethyl Alcohol)","1"
"Stanozolol (Bulk)","1"
"Fleet Glycerin Suppository","1"
"Bupivacain","1"
"clo","1"
"clomi","1"
"*NF* Cefixime Suspension","1"
"Norvir","1"
"TMC 125 100mg or Placebo tabs","1"
"TMC114 300mg tablet","1"
"Ritonavir 100mg capsule","1"
"*NF* Amoxapine","1"
"Desmopressi","1"
"*NF* Cefotetan","1"
"*NF* Phenytoin Sodium **Brand Name ONLY**","1"
"Phenytoin Sodium **Brand Name ONLY**","1"
"Ephedrine Sulfate","1"
"arti","1"
"PROPOF","1"
"rabeprazole","1"
"Dilantin (phenytoin sodium ER)","1"
"Terbinafine 1% Spray","1"
"Theophylline SR (Theo-Dur)","1"
"Darbepoetin alpha (Aranesp)","1"
"Methyl Salicylate-Menthol Ointment","1"
"Benefiber","1"
"MEGACE","1"
"calc","1"
"Cytra-2","1"
"ocean","1"
"Librax","1"
"Parecoxib/Placebo Study Med","1"
"Valdecoxib/placebo","1"
"viread","1"
"Gentamicin ophth oint 0.3%","1"
"Triamcinolone Acetonide(Inhal)","1"
"Hyoscy","1"
"methylph","1"
"Concerta ","1"
"Dextran  1 (Promit)","1"
"amphotericin B (bulk)","1"
"insulin dum","1"
"triampt","1"
"Maxide 75/50","1"
"HCTZ/Triamterene (Maxzide)","1"
"PAPIN","1"
"ZOFRAN PO","1"
"beconase","1"
"*NF* Ofloxacin 0.3% Ophth Soln","1"
"Allopurinol Sodium","1"
"Glucosamine Chondroitin SMConc","1"
"NEO*PO*Prednisolone Syrup","1"
"dutasteride (Avodart)","1"
"Propofol Diprivan","1"
"Dutasteride (Avodart )","1"
"Inteferon Beta 1A (Rebif)","1"
"NEO*GENTIAN VIOLET SOL.","1"
"Folgard","1"
"Orabase-B","1"
"Dovonex","1"
"glucop","1"
"Calcitri","1"
"*NF* Bimatoprost (Lumigan)","1"
"Ocuvite Lutein","1"
"aranesp 300 mcg","1"
"Ethezyme","1"
"*NF* Dolasetron Mesylate","1"
"Carn","1"
"Clobetasol","1"
"< IND> Zoniporide Study Drug","1"
"Nisoldipine (Sular)","1"
"Letairis 5mg","1"
"Tyvaso 1.74mg/2.9 ml","1"
"Letairis (Ambrisentan)","1"
"METHYLEN","1"
"Zelnorm (tegaserod)","1"
"*NF* Cefoxitin Sodium","1"
"Metamucil","1"
"Carbidop","1"
"Tavist","1"
"Flaxseed Oil","1"
"Sodium Citrate Dihydrate","1"
"Carnitor","1"
"Dig","1"
"Lidocaine 1%/Epinephrine","1"
"Oxybutynin Chloride ER","1"
"Nifedi","1"
"Nifedipine (Bulk)","1"
"*NF* Ciprofloxacin 0.3% Ophth Oint","1"
"Promit","1"
"Bacitracin & Polymyxin B Ophth","1"
"Methylpre","1"
"Celexa","1"
"Refresh Liquigel","1"
"Fleet ","1"
"MVI","1"
"Ativan","1"
"Insulin Lispro (Human)","1"
"doxycy","1"
"LaMI","1"
"Lipitor","1"
"Warf","1"
"Phenylephrine 2.5% opth","1"
"Basis","1"
"Humibid L.A.","1"
"tabletsCandesartan Cilexetil","1"
"Sevelamer HCl","1"
"Alka-Seltzer","1"
"Ketotifen Fumarate (Bulk)","1"
"BuPROPion ","1"
"Salivart","1"
"Salmon Oil-1000","1"
"Albuterol Sulfate/Ipratropium","1"
"Cipro HC OTIC Suspension","1"
"acetylcys","1"
"Tears Naturale PM","1"
"hydrocortisone/iodoquinol","1"
"Calcipotriene","1"
"Aprotinin","1"
"Glyset","1"
"Xenical","1"
"*nf*","1"
"Atacand HCT","1"
"Esterified Estrogen (Menest)","1"
"Risendronate sodium (Actonel)","1"
"atomoxitene","1"
"LIDODERM PATCHES","1"
"Enema Disposable","1"
"LIDODERM PATCHES 3.5%","1"
"*NF* Lidocaine 5% Patch","1"
"Menest (esterified estrogens)","1"
"Risedronate (Actonel)","1"
"Fluconazole Suspension","1"
"Hydrocortiso","1"
"Magnesium Sulfate in D5W","1"
"Tilarginine or Placebo *IND*","1"
"Amitiza","1"
"Cryselle (28)","1"
"Fluticasone/Salmeterol (Advair)","1"
"Heparin Flus","1"
"MICONAZOL","1"
"Desmopressin ","1"
"Clonidine ","1"
"Cefotetan Disodium","1"
"*NF* Zaleplon","1"
"ZYPREX","1"
"levosimendan or placebo","1"
"kaol","1"
"Calcium gluco","1"
"Dipentum","1"
"Tarceva(erlotinib)","1"
"Docu","1"
"Ampicil","1"
"Vexol (rimexolone)","1"
"Liniments","1"
"Cardura","1"
"Ultralente Humulin Insulin","1"
"Dakins 1/8 Strength","1"
"*nf* Lanolin (Hydrous)","1"
"Lanolin (Hydrous)","1"
"zz ","1"
"Dakins Full Strength","1"
"CHOLINE","1"
"HEPARIN  FLUSH","1"
"Theo Liquid","1"
"CONVATEK","1"
"Etodolac","1"
"Humibid E","1"
"cortis","1"
"*NF* Sildenafil Citrate","1"
"Dextros","1"
"Desferal","1"
"Xopenex (levalbuterol)","1"
"Viokase 16","1"
"ALL PURPOSE NIPPLE OINTMENT","1"
"Botulinum Toxin Type B","1"
"Molindone","1"
"Rosuvastatin (Crestor)","1"
"Timolol Maleate 0.5% XE","1"
"Oxymetazoline (Half Strength)","1"
"phen","1"
"Multivitam","1"
"Abreva","1"
"Homat","1"
"Morphine Sulfate (0.5-4mg)","1"
"Proventil","1"
"Aygestin","1"
"Sulfameth/Tri","1"
"Sulfameth/T","1"
"keto","1"
"Hep B-DPAT-Polio Vaccine","1"
"Glatiramer Acetate","1"
"D51/2NS 1000ml","1"
"aminoc","1"
"corti","1"
"Neomycin-Polymyxin-","1"
"Pentamidine ","1"
"Pemoline","1"
"gentian violet","1"
"Glycerin (Laxative)","1"
"*NF* Adefovir (HepSera)","1"
"Balsalazide Disodium","1"
"OXYTROL","1"
"Zegerid OTC","1"
"Methylprednisolone ","1"
"ESTROGEN PATCH","1"
"Tolvaptan/Placebo","1"
"Muro-128","1"
"Fleet","1"
"Dimen","1"
"Olopatadine HCl","1"
"Avandamet","1"
"Tiazac","1"
"tri","1"
"Didanos","1"
"Urocit-K 5","1"
"*NF* Sumatriptan","1"
"Eye Wash","1"
"cromol","1"
"prevac","1"
"Estradiol Transdermal (Vivelle-DOT)","1"
"*NF* Rofecoxib","1"
"HYOS","1"
"GenTeal","1"
"Bleph-10 Ophth. Soln.","1"
"ALBUTEROL(VOLMAX)","1"
"LETROZOLE(FEMARA)","1"
"Morphine Sulfate (1-10mg)","1"
"NORMOCARB DIALYSIS SOLUTION","1"
"sevelamer ","1"
"Iron Dextran","1"
"Megestrol Oral Suspension","1"
"Neulasta","1"
"Amoxicillin Trihydrate","1"
"TIMOP","1"
"charco","1"
"Tolazamide","1"
"Amiod","1"
"Mestinon SR","1"
"Nystatin ","1"
"Atrovent Nasal","1"
" Zaditor Ophthalmic","1"
"Zestoretic","1"
"Sulfameth/Trim","1"
"Estazolam","1"
"Tacrolimus Study Med (*IND*)","1"
"O.S. Cal 500 W/Vitamin D","1"
"Faslodex","1"
"Excedrin Aspirin Free","1"
"Aminocapr","1"
"Acetylcystein","1"
"*NF* Glimepiride","1"
"flonas","1"
"Isosorbide Mononitrate ","1"
"Hyoscyami","1"
"Phenyto","1"
"Gluco Sulfate NaCl-Chond Su Na","1"
"Nephro-Vite","1"
"risendronate (actonel)","1"
"Serevent Diskus","1"
"Nicotinic Acid SR","1"
"Anusol-HC","1"
"Sodium Bicarbonate 4% (2.4meq)","1"
"REYATAZ","1"
"Pramoxine HCl","1"
"Prozac Brand Name","1"
"insuli","1"
"Refresh P.M.","1"
"megest","1"
"Phenyleprhine Ophth Soln 10%","1"
"Sulfameth/Trime","1"
"Pilocarpine 6%","1"
"Sulfameth/Trimeth","1"
"motilium","1"
"Domperidone (Bulk)","1"
"Ear Drops Earwax Aid","1"
"NuvaRing(etonogestrel/ethinyl estradiol","1"
"flomax","1"
"Ortho Tri-Cyclen Lo","1"
"Labet","1"
"Loestrin 24 Fe","1"
"LIDOCAI","1"
"synt","1"
"Gengraf (cyclosporine modified)","1"
"Digo","1"
"Avodart *NF* (Dutasteride)","1"
"Avodart *NF*","1"
"Dexamethasone Intensol","1"
"Morphine Sulfa","1"
"Famoti","1"
"Venlafaxine ","1"
"Cortroysin","1"
"Polymyxin B /Trimethoprim","1"
"Lidocaine 1%/Epi  1::100,000","1"
"Meges","1"
"Famo","1"
"Aspercreme ","1"
"Co-syntropin","1"
"nap","1"
"potassiu","1"
"Neupro","1"
"Enoxaparin","1"
"lanso","1"
"Epine","1"
"Sildenafil (Revatio)","1"
"Belladonna Alk-Phenobarbital","1"
"Calcium Lactate","1"
"Ziprasidone HCl","1"
"Daily Vitamin","1"
"Vicks Vapor Inhaler","1"
"Thermacare Neck/Shoulder/Arm","1"
"Morphine Concentrate","1"
"Triple Paste","1"
"Citalopram ","1"
"Lamotrig","1"
"Nizatidine","1"
"Slow Fe","1"
"metformin (FORTAMET)","1"
"Robitussin Chest Congestion","1"
"panto","1"
"Meperidine PCA","1"
"Morphine Sulfat","1"
"Isosorbide Monon","1"
"Fosamax","1"
"traz","1"
"*NF* Potassium Chloride","1"
"Helidac","1"
"simvastatin or placebo ","1"
"Conjugated Estrogens","1"
"Budesonide (Bulk)","1"
"Gaviscon Extra Strength","1"
"Tylenol","1"
"Tylenol  Meltaways","1"
"synth","1"
"nephro","1"
"Doxycycline Monohydrate","1"
"Flovent HFA","1"
"Phenylephrine 1% Nasal Spray","1"
"Taztia XT","1"
"tolt","1"
"Ranitidine ","1"
"Allegra-D 24 Hour","1"
"Artificial Tear","1"
"Ocuvite PreserVision","1"
"Levalbuterol HCl (Bulk)","1"
"potassium ch","1"
"Micardis HCT","1"
"Repliva 21/7 (New Formulation)","1"
"Diflunisal","1"
"citrate","1"
"atropine","1"
"Microgestin 1/20 (21)","1"
"CALCIUM 500+D","1"
"mu","1"
"Pramoxine-Mineral Oil-Zinc","1"
"Miglitol","1"
"Darbepoetin Alfa In Polysorbate","1"
"Excedrin Extra Strength","1"
"Calcitrate","1"
"Thioridazine","1"
"DYGASE","1"
"Sarafem","1"
"Nephramine 2.7%","1"
"Avodart( dutasteride)","1"
"Acetic Acid","1"
"Timolol Maleate 0.5% GFS","1"
"Tretinoin (Emollient) 0.04%","1"
"Metronidazole cream 1%","1"
"Fluvastatin","1"
"White Petrolatum-Mineral Oil","1"
"Nascobal","1"
"Ipratropium Brom","1"
"Avelox","1"
"Iquix","1"
"Rozerem","1"
"Anamorelin HCl vs placebo","1"
"Isosorbi","1"
"Heparin Flush Port ","1"
"Medrol (Pak)","1"
"Zovia 1/35E (28)","1"
"Seasonale","1"
"Trimethoprim Oral Soln","1"
"Atrovent HFA","1"
"Diphenhydramine HCl 2%","1"
"Glucotrol XL","1"
"Femhrt 1/5","1"
"Capoten","1"
"Bacitracin-Polymyxin ","1"
"Arthrotec 50","1"
"Nystatin Oral Susp (Self Med)","1"
"Meningococ Vac A,C,Y,W135 (PF)","1"
"Propra","1"
"*NF* Iron Sucrose","1"
"Apri 0.15mg-0.03mg Tab","1"
"Ultram","1"
"OxycoDONE Concentrate","1"
"Zomig 2.5mg ODT tabs","1"
"Zomig 2.5mg -ZMT tabs","1"
"Isosorbide Mononi","1"
"Aspirin 325mg/ placebo","1"
"Aspirin 81 mg/ Placebo","1"
"Ex-Lax Maximum Strength","1"
"cyanoc","1"
"Exelon Transdermal Patch","1"
"Lorazepam 2mg syringe ","1"
"Epineph","1"
"PreserVision( vit A,C,E-zinc-copper)","1"
"Fulvestrant (Faslodex)","1"
"imd","1"
"docosanol","1"
"Morphine S","1"
"Phillips Milk of Magnesia","1"
"coenzyme Q10  200mg","1"
"Ayr Saline Gel","1"
"Ny","1"
"Temsirolimus","1"
"fentaNYL citrate (PF)","1"
"Lantus Solostar","1"
"Telbivudine","1"
"Prop","1"
"Tyzeka (Telbivudine)","1"
"Niaspan Extended-Release","1"
"gala","1"
"Zytiga (Abiraterone) 250mg","1"
"Zytiga (Abiraterone) ","1"
"Pangestyme EC","1"
"Isosorb","1"
"ve","1"
"Desogestrel-Ethinyl Estradiol","1"
"Zolmitriptan","1"
"Lidocaine 1.5%/Epinephrine P.F.","1"
"bisacody","1"
"GlipiZ","1"
"ZyPREXA Zydis","1"
"Rythmol SR","1"
"Arsenic Trioxide *NF*","1"
"Taclonex","1"
"Venlafax","1"
"Biscolax","1"
"Testosterone Cypionate","1"
"Aspirin 81 mg or Placebo","1"
"Aspirin 81mg or placbo","1"
"domperidone ","1"
"Tacrolimus (Prograf Brand) Suspension","1"
"AZILECT(rasagilne)","1"
"Maxalt-MLT","1"
"Lorazepam 2 mg syringe ","1"
"Cangrelor Study Drug (*IND*)","1"
"Clopidogrel 150 mg or placebo","1"
"Razadyne ER","1"
"lysine 500mg tablets","1"
"SEROquel XR","1"
"True Omega -3 Fish Oil 409mg cap","1"
"ICPKIT","1"
"Levalbuterol","1"
"MYCOPHENOLATE MOFETIL 250MG OR PLACEBO CAPSULES","1"
"MYCOPHENOLATE MOFETIL 250MG OR PLACEBO CAPS","1"
"FTY720 1.25MG OR PLACEBO CAPS","1"
"FTY720 2.5MG OR PLACEBO CAPS","1"
"MYCOPHENOLATE MOFETIL 250MG OR PLACEBO CAPSULE","1"
"FTY720 2.5MG OR PLACEBO CAPSULE","1"
"FTY720 1.25MG OR PLACEBO CAPSULE","1"
"MYCOPHENOLATE MOFETIL 250MG OR PLACEBO CAPS ","1"
"FTY720 2.5MG OR PLACEBO","1"
"fluocinolone","1"
"Ondanset","1"
"Aspirin 81 mg  or placebo","1"
"Betamethasone Dipro 0.05% Lot.","1"
"zz","1"
"Savella","1"
"Micardis","1"
"Gamunex/GammaKED","1"
"Phenyt","1"
"Mepe","1"
"cet","1"
"Testosterone Propionate","1"
"Influenza A (H1N1) Vac 09 (PF)","1"
"Varicella Virus","1"
"pred","1"
"GlyBURI","1"
"Multaq (dronedarone)","1"
"Famc","1"
"Linezolid Suspension","1"
"Val","1"
"Chloroprocaine 3% MPF","1"
"Ampyra","1"
"ezogabine","1"
"fish oil","1"
"Docusate So","1"
"emtri","1"
"Novolin R","1"
"Lidocaine 0.5% Mpf","1"
"Budesonide-Formoterol","1"
"sevela","1"
"Premarin","1"
"Benadryl Allergy","1"
"Granulex","1"
"MENINGO","1"
"Mupirocin Calcium","1"
"Valganc","1"
"Emt","1"
"Phyto","1"
"Systane Ultra","1"
"Lotronex","1"
"Melatonin-Theanine","1"
"Erythro","1"
"Asparaginase (Erwinia chrysan)","1"
"thyroid extract SR","1"
"Vemurafenib (RO5185426)","1"
"Isosorbide din","1"
"Wellbutrin","1"
"Actimmune","1"
"tuck","1"
"Efavirenz Oral Soln","1"
"*NF* Estradiol Transdermal Patch","1"
"sitagliptin-metformin","1"
"RisPERDal","1"
"Critic-Aid Clear","1"
"Aminocaproi","1"
"Camila","1"
"Prednisolone (prelone)","1"
"HYDROmorphone Infusion ? Comfort Care Guidelines","1"
"Aluminum","1"
"Ondanse","1"
" Symbicort","1"
"Preparation H","1"
"olan","1"
"Lorazepam 2mg syringa","1"
"Tacr","1"
"Saliva Substitution Combo No.5","1"
"Mycostatin","1"
"NovoLOG Flexpen","1"
"Temozolomide","1"
"Octreotide ","1"
"Lidocaine 4% MPF","1"
"Sulfameth/Trimethopr","1"
"fidaxomicin 200mg TAB","1"
"Lorazepam 2 mg syringe","1"
"carbidopa","1"
"Mepivacaine 1%","1"
"alora","1"
"Lactobacillus Rhamnosus (GG)","1"
"EMLA","1"
"De","1"
"Amiodarone Oral Suspension","1"
"Hydroxychloroquine","1"
"Amoxicill","1"
"Zestril","1"
"Zantac 75","1"
"Flarex","1"
"Pimozide","1"
"Riboflavin (Vitamin B-2)","1"
"5% Dextrose (Non DEPH)","1"
"Selenious Acid","1"
"*NF* Renacidin Soln","1"
"Pyridostigmine ","1"
"Coumadin","1"
"pyridostigmine","1"
"Albumin 25% ","1"
"lactul","1"
"axitinib","1"
"Icaps MV","1"
"*NF* Sorafenib","1"
"Afrin Sinus","1"
"creatine ","1"
"arginine (L-arginine)","1"
"creatine monohydrate","1"
"FLUC60L","1"
"Albuterol Inhaler (ProAir)","1"
"difluprednate","1"
"cranberry extract-vit C 4200/40 mg","1"
"BuPRO","1"
"Bevacizumab (Avastin)","1"
"Morphine Sul","1"
"Lidocaine 1%/Epinephrine 1:100,000","1"
"Sevelamer carbonate (Renvela)","1"
"Crinone","1"
"Omeprazole-Sodium Bicarbonate","1"
"Alternagel","1"
"cevimeline","1"
"imdu","1"
"Reopro","1"
"Olanza","1"
"Venlafa","1"
"Jolessa","1"
"Ertapenem","1"
"Tylenol Arthritis Pain","1"
"Tylenol Arthritis","1"
"Oselt","1"
"Dextromethorphan-Guaifenesin ","1"
"Latuda (Lurasidone)","1"
"Cortisone","1"
"Lovenox","1"
"Telavancin *NF*","1"
"Inderal LA","1"
"Asacol","1"
"Aleve","1"
"Belladonna Alkaloids-Opium","1"
"Vicodin ","1"
"Quinacrine (Bulk)","1"
"Humalog Mix 75-25 KwikPen","1"
"Vyvanse","1"
"YAZ 28","1"
"wellb","1"
"cortosyn","1"
"*NF* Abatacept","1"
"phosp","1"
"Prometrium","1"
"Syringe (LR)","1"
"Artificial ","1"
"Folbic","1"
"Pilopine HS","1"
"Omnaris (ciclesonide)","1"
"Dulera (mometasone-formoterol)","1"
"Flecainide","1"
"Aminocap","1"
"Astepro","1"
"metaxalone","1"
"Loraz","1"
"Potassium Chloride Oral Sol","1"
"Miconazole","1"
"Combivent","1"
"Xenazine","1"
"Estradiol Transdermal Patch","1"
"VICOdin","1"
"Proglycem","1"
"Clonidine Patch","1"
"Lofibra","1"
"Sotalol AF","1"
"Dasatanib (Sprycel) **CHEMO**","1"
"maa","1"
"orphenadrine citrate","1"
"Acetylcystei","1"
"Aspirin Desensitization","1"
"Aspirin Desens","1"
"Carbamazepine ","1"
"zydis","1"
"Epoprostenol","1"
"Tykerb","1"
"Vitamin B-1","1"
"Epinephrine Base","1"
"CombiPatch","1"
"aceta","1"
"exenatide","1"
"norethindrone (contraceptive)","1"
"2","1"
"OxycoDONE (Immediate Release)","1"
"Cortroyson","1"
"hydrocor","1"
"Mesalamine ","1"
"RozEREM (ramelteon)","1"
"Isosorbide M","1"
"Junel 1.5/30 (21)","1"
"Phyton","1"
"Oseltam","1"
"Albuterol Inhalation Soln 0.5%","1"
"Olux-E","1"
"Westcort","1"
"Apriso","1"
"Aerobid","1"
"ce","1"
"abiraterone (Zytiga)","1"
"Multivita","1"
"Lunesta (eszopiclone)","1"
"Fenofibric Acid","1"
"Junel FE 1.5/30 (28)","1"
"Symbicort 160-4.5mcg","1"
"HYDROmorphone ","1"
"*NF* Dasatinib","1"
"menthol","1"
"Proventil HFA","1"
"Prilosec OTC","1"
"Somatropin","1"
"Zaditor (Ketotifen fumarate)","1"
"Zaditor (Ketotifen)","1"
"Menomune","1"
"Zelboraf","1"
"Nature-Throid","1"
"Prandin","1"
"*NF* Epirubicin","1"
"NPH insulin human recomb","1"
"Lumigan 0.01%","1"
"Amphetamine Salt Combo","1"
"sevelame","1"
"Tenecteplase Study Med (*IND*)","1"
"Magnesium Sulfate Replacement (Critical Care and Oncology)","1"
"Os-Cal 500 + D","1"
"Anamorelin HCl","1"
"Aspirin 81 mg or placebo ","1"
"Aspirin 325mg or placebo","1"
"Creon 20","1"
"NAC (N-acetyl-L-cysteine","1"
"NAC","1"
"dextr","1"
"Humatrope","1"
"Cotrosyn","1"
"Calcium 600 + D(3)","1"
"cyanocobalamin (vitamin B-12)","1"
"Insulin Lispro Desensitization Protocol","1"
"Privigen","1"
"Junel 1/20 (21)","1"
"Propecia","1"
"Epinephrine Topical Soln","1"
"bude0.25","1"
"Fexofe","1"
"Predni","1"
"Nystatin oral ","1"
"Necon 1/35 (28)","1"
"Trivora (28)","1"
"reva","1"
"rev","1"
"Bromday","1"
"Pyrid","1"
"Code ATS99 Study Med","1"
"Code LUT/ZEA03 Study Med","1"
"Loestrin 1.5/30 (21)","1"
"miacal","1"
"Epinephrine Kit","1"
"Cosyntropin ","1"
"*NF* Deferasirox","1"
"guaiFENesin AC","1"
"codeine-guaifenesin","1"
"adder","1"
"PrevACID 24Hr","1"
"Niacin Flush Free","1"
"Pradaxa","1"
"Venlafaxi","1"
"Cortroysn ","1"
"Gaviscon","1"
"Zirgan(ganciclovir)","1"
"timolo","1"
"tetrabenazine (Xenazine) 25mg tab","1"
"benazepril-hydrochlorothiazide","1"
"Verelan PM","1"
"cisatracurium","1"
"*NF* Pegaspargase","1"
"leva","1"
"Triamcinolone Acetonide Inj","1"
"Nefazodon","1"
"panc","1"
"dorzolamide-timolol","1"
"BuPROPio","1"
"Claritin-D 12 Hour  5-120","1"
"Hydroxypropyl Methylcellulose","1"
"Mesalami","1"
"Concerta (methylphenidate)","1"
"Guaifene","1"
"sodium ch","1"
"Lidocaine Topical","1"
"bisopro","1"
"Isordil Titradose","1"
"bisopr","1"
"Haloperidol Lactate","1"
"Lactobacillus Acidophilus-Pectin","1"
"fluocinolone acetonide oil","1"
"bisoprolol","1"
"Dexilant","1"
"dexlansoprazole (Dexilant)","1"
"anu","1"
"Ola","1"
"Xyzal","1"
"Pacerone","1"
"naratriptan","1"
"vancoMYCIN for nasal inhalation","1"
"vancoMYCIN for inhalation","1"
"Erythromycin opthalmic","1"
"Vera","1"
"Advair HFA","1"
"Paroxetine Mesylate","1"
"Ipratropium","1"
"rasagiline (Azilect)","1"
